Date,Close,Contrast;,Fluctuation,Poetry,High,Low,Volume,Transaction price,Market capitalization,Stocks
2021-10-15,3780,50,1.34,3745,3805,3650,187163,697950175,96423014520,25508734
2021-10-14,3730,210,5.97,3520,3920,3520,599022,2256149880,95147577820,25508734
2021-10-13,3520,140,4.14,3380,3545,3350,174042,605904335,89790743680,25508734
2021-10-12,3380,-185,-5.19,3510,3550,3330,244996,833627520,86219520920,25508734
2021-10-08,3565,195,5.79,3465,3650,3315,402847,1399127475,90938636710,25508734
2021-10-07,3370,270,8.71,3130,3535,3130,663102,2246522630,85964433580,25508734
2021-10-06,3100,-210,-6.34,3310,3395,3080,466448,1487999335,79077075400,25508734
2021-10-05,3310,-205,-5.83,3465,3505,3265,376922,1259917310,84433909540,25508734
2021-10-01,3515,-175,-4.74,3625,3755,3420,512077,1810787030,89663200010,25508734
2021-09-30,3690,-100,-2.64,3760,3870,3655,353959,1319439540,94127228460,25508734
2021-09-29,3790,-195,-4.89,3825,3880,3740,487903,1850155445,96678101860,25508734
2021-09-28,3985,-200,-4.78,4130,4190,3890,316986,1264678070,1.01652E+11,25508734
2021-09-27,4185,90,2.2,4030,4220,3995,235347,975058635,1.06754E+11,25508734
2021-09-24,4095,-90,-2.15,4160,4220,4000,381663,1557269620,1.04458E+11,25508734
2021-09-23,4185,-250,-5.64,4285,4395,4135,301189,1275406085,1.06754E+11,25508734
2021-09-17,4435,95,2.19,4365,4475,4275,256995,1128706015,1.13131E+11,25508734
2021-09-16,4340,-25,-0.57,4400,4410,4220,382186,1642888960,1.10708E+11,25508734
2021-09-15,4365,-245,-5.31,4560,4605,4365,625744,2784916920,1.11346E+11,25508734
2021-09-14,4610,55,1.21,4565,4685,4530,467906,2160746990,1.17595E+11,25508734
2021-09-13,4555,-145,-3.09,4605,4825,4510,814727,3803692530,1.16192E+11,25508734
2021-09-10,4700,-130,-2.69,4810,4845,4590,1103931,5194948755,1.19891E+11,25508734
2021-09-09,4830,-20,-0.41,4780,4950,4675,2250927,10859831960,1.23207E+11,25508734
2021-09-08,4850,465,10.6,4515,5220,4515,18026847,89369350490,1.23717E+11,25508734
2021-09-07,4385,145,3.42,4190,4405,4190,306256,1336031315,1.11856E+11,25508734
2021-09-06,4240,45,1.07,4190,4270,4005,265977,1099940380,1.08157E+11,25508734
2021-09-03,4195,-255,-5.73,4295,4365,4170,450827,1920975595,1.07009E+11,25508734
2021-09-02,4450,95,2.18,4350,4450,4315,194344,852231965,1.13514E+11,25508734
2021-09-01,4355,55,1.28,4300,4415,4245,239044,1037944250,1.11091E+11,25508734
2021-08-31,4300,15,0.35,4290,4355,4115,310790,1316260990,1.09688E+11,25508734
2021-08-30,4285,195,4.77,4145,4330,4140,386162,1639325570,1.09305E+11,25508734
2021-08-27,4090,15,0.37,4020,4115,4015,139495,567820715,1.04331E+11,25508734
2021-08-26,4075,35,0.87,4035,4130,3995,256541,1039093005,1.03948E+11,25508734
2021-08-25,4040,80,2.02,3945,4040,3875,261039,1035783710,1.03055E+11,25508734
2021-08-24,3960,135,3.53,3845,3990,3830,400401,1573411415,1.01015E+11,25508734
2021-08-23,3825,240,6.69,3585,4065,3550,2257849,8822938405,97570907550,25508734
2021-08-20,3585,-280,-7.24,3865,3890,3585,344385,1274517590,91448811390,25508734
2021-08-19,3865,-220,-5.39,4005,4125,3805,354737,1397723120,98591256910,25508734
2021-08-18,4085,135,3.42,3905,4110,3850,314397,1264998905,1.04203E+11,25508734
2021-08-17,3950,-190,-4.59,4075,4120,3855,446196,1759046705,1.00759E+11,25508734
2021-08-13,4140,-75,-1.78,4160,4220,3885,596069,2374222990,1.05606E+11,25508734
2021-08-12,4215,40,0.96,4250,4300,4100,299273,1261514840,1.07519E+11,25508734
2021-08-11,4175,5,0.12,4150,4240,4105,297440,1242018470,1.06499E+11,25508734
2021-08-10,4170,-75,-1.77,4270,4310,4080,536935,2241536795,1.06371E+11,25508734
2021-08-09,4245,-355,-7.72,4600,4615,4200,903139,3904547125,1.08285E+11,25508734
2021-08-06,4600,-190,-3.97,4830,4830,4585,514197,2390623495,1.1734E+11,25508734
2021-08-05,4790,145,3.12,4650,4790,4590,367032,1729808095,1.22187E+11,25508734
2021-08-04,4645,30,0.65,4885,4970,4625,1099446,5247224030,1.18488E+11,25508734
2021-08-03,4615,-115,-2.43,4720,4810,4595,443421,2142274025,1.17723E+11,25508734
2021-08-02,4730,-15,-0.32,4780,4870,4730,307886,1476361770,1.20656E+11,25508734
2021-07-30,4745,-155,-3.16,4890,4945,4710,436003,2087380270,1.21039E+11,25508734
2021-07-29,4900,-80,-1.61,4985,5080,4880,349965,1739392310,1.24993E+11,25508734
2021-07-28,4980,-160,-3.11,5110,5130,4975,442058,2223088300,1.27033E+11,25508734
2021-07-27,5140,-50,-0.96,5160,5290,4970,837524,4292064445,1.31115E+11,25508734
2021-07-26,5190,280,5.7,4920,5310,4920,1917966,9844956260,1.3239E+11,25508734
2021-07-23,4910,-20,-0.41,4905,4975,4855,481267,2366592560,1.25248E+11,25508734
2021-07-22,4930,140,2.92,4790,5050,4740,1299388,6384274995,1.25758E+11,25508734
2021-07-21,4790,-195,-3.91,4800,4935,4685,865650,4142747680,1.22187E+11,25508734
2021-07-20,4985,305,6.52,4525,5480,4525,5597905,27666885500,1.27161E+11,25508734
2021-07-19,4680,-390,-7.69,5020,5020,4635,1270920,6066084030,1.19381E+11,25508734
2021-07-16,5070,-330,-6.11,5350,5390,5000,1219359,6264969170,1.29329E+11,25508734
2021-07-15,5400,50,0.93,5880,6200,5370,6240726,36344002710,1.37747E+11,25508734
2021-07-14,5350,-260,-4.63,5550,5550,5310,854752,4725315560,1.36472E+11,25508734
2021-07-13,5610,200,3.7,5390,5760,5390,1285103,7206757120,1.43104E+11,25508734
2021-07-12,5410,40,0.74,5240,5440,5200,720810,3858949900,1.38002E+11,25508734
2021-07-09,5370,-50,-0.92,5320,5440,5100,1007477,5319292150,1.36982E+11,25508734
2021-07-08,5420,-470,-7.98,5800,5850,5390,1348766,7504149510,1.38257E+11,25508734
2021-07-07,5890,-160,-2.64,5980,6050,5670,1340346,7792783250,1.50246E+11,25508734
2021-07-06,6050,0,0,6080,6230,6030,1056270,6451860640,1.54328E+11,25508734
2021-07-05,6050,-510,-7.77,6460,6460,5980,1349889,8354345960,1.54328E+11,25508734
2021-07-02,6560,-20,-0.3,6420,6630,6260,1867419,12111772630,1.67337E+11,25508734
2021-07-01,6580,120,1.86,6370,6590,6300,2797916,18067023140,1.67847E+11,25508734
2021-06-30,6460,340,5.56,6190,6460,6000,4963857,30845421520,1.64786E+11,25508734
2021-06-29,6120,660,12.09,5690,7090,5590,27054030,1.79875E+11,1.56113E+11,25508734
2021-06-28,5460,280,5.41,6110,6120,5370,5000705,28649063540,1.39278E+11,25508734
2021-06-25,5180,130,2.57,5010,5180,4980,766306,4143100790,1.32135E+11,25508734
2021-06-24,5050,115,2.33,4990,5150,4840,411185,2066182765,1.28819E+11,25508734
2021-06-23,4935,-35,-0.7,4950,5020,4905,171534,851552800,1.25886E+11,25508734
2021-06-22,4970,-30,-0.6,4985,5080,4800,391860,1939836450,1.26778E+11,25508734
2021-06-21,5000,-150,-2.91,4750,5060,4735,556261,2751338975,1.27544E+11,25508734
2021-06-18,5150,50,0.98,5150,5270,5100,455467,2352287570,1.3137E+11,25508734
2021-06-17,5100,105,2.1,4995,5230,4995,602219,3073076825,1.30095E+11,25508734
2021-06-16,4995,-35,-0.7,5080,5080,4870,490562,2435008745,1.27416E+11,25508734
2021-06-15,5030,-40,-0.79,5070,5130,5030,377383,1917933490,1.28309E+11,25508734
2021-06-14,5070,125,2.53,4945,5190,4915,599039,3034504240,1.29329E+11,25508734
2021-06-11,4945,60,1.23,4885,5070,4700,888720,4334843000,1.26141E+11,25508734
2021-06-10,4885,-245,-4.78,5100,5460,4235,1409842,6823635045,1.2461E+11,25508734
2021-06-09,5130,0,0,5230,5250,5060,456013,2348521380,1.3086E+11,25508734
2021-06-08,5130,-270,-5,5450,5450,5120,792152,4155606810,1.3086E+11,25508734
2021-06-07,5400,-310,-5.43,5750,5750,5400,746393,4152208680,1.37747E+11,25508734
2021-06-04,5710,-190,-3.22,5870,5870,5680,755546,4362862490,1.45655E+11,25508734
2021-06-03,5900,260,4.61,5780,5900,5600,1257841,7270090080,1.50502E+11,25508734
2021-06-02,5640,110,1.99,5680,5930,5530,2541016,14637988380,1.43869E+11,25508734
2021-06-01,5530,100,1.84,5350,5700,5350,1150852,6384794310,1.41063E+11,25508734
2021-05-31,5430,-170,-3.04,5630,5680,5400,834252,4597782590,1.38512E+11,25508734
2021-05-28,5600,0,0,5530,5680,5500,1081437,6061966740,1.42849E+11,25508734
2021-05-27,5600,160,2.94,5410,6240,5370,9021368,52971526970,1.42849E+11,25508734
2021-05-26,5440,240,4.62,5200,5510,5140,1326379,7074783890,1.38768E+11,25508734
2021-05-25,5200,260,5.26,4980,5270,4980,1109648,5694462190,1.32645E+11,25508734
2021-05-24,4940,-50,-1,4900,5330,4780,1966453,9973888945,1.26013E+11,25508734
2021-05-21,4990,-130,-2.54,5120,5300,4935,1017131,5212814675,1.27289E+11,25508734
2021-05-20,5120,-100,-1.92,5190,5300,5110,648417,3354327840,1.30605E+11,25508734
2021-05-18,5220,-110,-2.06,5410,5580,5010,1693482,8750061910,1.33156E+11,25508734
2021-05-17,5330,-260,-4.65,5990,6100,5330,1971975,11113915930,1.35962E+11,25508734
2021-05-14,5590,100,1.82,5490,5650,5410,1527540,8424727210,1.42594E+11,25508734
2021-05-13,5490,210,3.98,5350,5690,5250,3634718,19911804440,1.40043E+11,25508734
2021-05-12,5280,10,0.19,5340,5780,5200,6421055,35077943930,1.34686E+11,25508734
2021-05-11,5270,565,12.01,4650,5630,4650,17438820,92874697405,1.34431E+11,25508734
2021-05-10,4705,-110,-2.28,4780,4860,4650,1994457,9459181805,1.20019E+11,25508734
2021-05-07,4815,360,8.08,4400,5260,4335,20551587,1.0242E+11,1.22825E+11,25508734
2021-05-06,4455,-105,-2.3,4495,4585,4440,930106,4168611590,1.13641E+11,25508734
2021-05-04,4560,225,5.19,4325,4560,4145,1810847,7918341975,1.1632E+11,25508734
2021-05-03,4335,-260,-5.66,4640,4730,4270,1540247,6874066400,1.1058E+11,25508734
2021-04-30,4595,0,0,4470,4680,4450,1919099,8710735970,1.17213E+11,25508734
2021-04-29,4595,260,6,4305,5080,4305,12255374,57549683780,1.17213E+11,25508734
2021-04-28,4335,535,14.08,4100,4775,4000,26407504,1.17607E+11,1.1058E+11,25508734
2021-04-27,3800,-30,-0.78,3750,4100,3685,4224134,16224304150,96933189200,25508734
2021-04-26,3830,220,6.09,3810,3830,3710,1427781,5411600785,97698451220,25508734
2021-04-23,3610,70,1.98,3540,3670,3535,764808,2756087230,92086529740,25508734
2021-04-22,3540,-70,-1.94,3525,3565,3515,1066146,3767094710,90300918360,25508734
2021-04-21,3610,135,3.88,3540,3945,3440,13652797,50658885540,92086529740,25508734
2021-04-20,3475,180,5.46,3675,4200,3385,21477734,82671417060,88642850650,25508734
2021-04-19,3295,-180,-5.18,3415,3440,3225,2173288,7334103935,84051278530,25508734
2021-04-16,3475,150,4.51,3350,3680,3265,8619671,29550168915,88642850650,25508734
2021-04-15,3325,0,0,3445,3580,3145,10824498,36232716520,84816540550,25508734
2021-04-14,3325,765,29.88,2665,3325,2610,19027364,58259906785,84816540550,25508734
2021-04-13,2560,90,3.64,2470,2635,2440,861367,2206649335,65302359040,25508734
2021-04-12,2470,-5,-0.2,2475,2495,2435,121454,299263475,63006572980,25508734
2021-04-09,2475,-5,-0.2,2475,2500,2455,141796,351439695,63134116650,25508734
2021-04-08,2480,0,0,2480,2490,2445,212752,525133000,63261660320,25508734
2021-04-07,2480,80,3.33,2395,2525,2360,649164,1596291375,63261660320,25508734
2021-04-06,2400,-35,-1.44,2435,2435,2340,306961,731514205,61220961600,25508734
2021-04-05,2435,165,7.27,2270,2450,2270,654359,1557412535,62113767290,25508734
2021-04-02,2270,40,1.79,2230,2285,2220,140187,314796560,57904826180,25508734
2021-04-01,2230,-25,-1.11,2255,2280,2230,206474,464382265,56884476820,25508734
2021-03-31,2255,-25,-1.1,2280,2300,2250,147048,333199945,57522195170,25508734
2021-03-30,2280,-35,-1.51,2315,2340,2275,89135,204931830,58159913520,25508734
2021-03-29,2315,25,1.09,2290,2320,2230,185109,422644410,59052719210,25508734
2021-03-26,2290,-25,-1.08,2315,2340,2210,119117,271969665,58415000860,25508734
2021-03-25,2315,45,1.98,2270,2325,2255,77691,178050680,59052719210,25508734
2021-03-24,2270,-35,-1.52,2305,2305,2230,106265,239765825,57904826180,25508734
2021-03-23,2305,-30,-1.28,2335,2370,2300,207446,484363395,58797631870,25508734
2021-03-22,2335,-40,-1.68,2375,2385,2300,161292,378929850,59562893890,25508734
2021-03-19,2375,55,2.37,2320,2385,2305,240117,565816805,60583243250,25508734
2021-03-18,2320,45,1.98,2295,2335,2280,302073,699550315,59180262880,25508734
2021-03-17,2275,25,1.11,2250,2280,2250,103177,233751185,58032369850,25508734
2021-03-16,2250,45,2.04,2225,2250,2210,75764,169518205,57394651500,25508734
2021-03-15,2205,10,0.46,2195,2245,2195,105452,233695040,56246758470,25508734
2021-03-12,2195,30,1.39,2180,2200,2165,57347,125252020,55991671130,25508734
2021-03-11,2165,25,1.17,2140,2195,2135,57957,124365300,55226409110,25508734
2021-03-10,2140,-30,-1.38,2170,2195,2140,68317,147371355,54588690760,25508734
2021-03-09,2170,-5,-0.23,2155,2170,2080,110124,233918025,55353952780,25508734
2021-03-08,2175,-15,-0.68,2180,2235,2175,73970,162613770,55481496450,25508734
2021-03-05,2190,-5,-0.23,2180,2190,2155,91423,198254130,55864127460,25508734
2021-03-04,2195,5,0.23,2200,2210,2165,98037,214107305,55991671130,25508734
2021-03-03,2190,35,1.62,2155,2200,2150,64235,139595875,55864127460,25508734
2021-03-02,2155,30,1.41,2135,2190,2135,106584,230345030,54971321770,25508734
2021-02-26,2125,-90,-4.06,2190,2190,2090,319231,677408690,54206059750,25508734
2021-02-25,2215,105,4.98,2130,2350,2125,819921,1834938155,56501845810,25508734
2021-02-24,2110,-95,-4.31,2225,2250,2100,302779,658766515,53823428740,25508734
2021-02-23,2205,-95,-4.13,2280,2315,2205,300297,676407920,56246758470,25508734
2021-02-22,2300,-20,-0.86,2320,2345,2270,133167,306004050,58670088200,25508734
2021-02-19,2320,-40,-1.69,2320,2370,2265,296217,687141095,59180262880,25508734
2021-02-18,2360,0,0,2365,2385,2255,623149,1436359850,60200612240,25508734
2021-02-17,2360,95,4.19,2290,2410,2285,1393178,3291269460,60200612240,25508734
2021-02-16,2265,25,1.12,2240,2275,2225,175460,398151040,57777282510,25508734
2021-02-15,2240,15,0.67,2225,2275,2225,191398,430591265,57139564160,25508734
2021-02-10,2225,60,2.77,2165,2230,2135,120139,261337570,56756933150,25508734
2021-02-09,2165,-60,-2.7,2220,2225,2155,158591,347017615,55226409110,25508734
2021-02-08,2225,-55,-2.41,2280,2290,2215,106733,241217550,56756933150,25508734
2021-02-05,2280,20,0.88,2270,2310,2255,177130,405255440,58159913520,25508734
2021-02-04,2260,30,1.35,2230,2305,2225,317854,720401795,57649738840,25508734
2021-02-03,2230,75,3.48,2170,2240,2170,189235,418932920,56884476820,25508734
2021-02-02,2155,30,1.41,2155,2190,2120,126429,272533885,54971321770,25508734
2021-02-01,2125,65,3.16,2040,2130,2010,268347,554877260,54206059750,25508734
2021-01-29,2060,-165,-7.42,2225,2225,2035,403903,859387615,52547992040,25508734
2021-01-28,2225,-85,-3.68,2285,2305,2225,202480,457055035,56756933150,25508734
2021-01-27,2310,50,2.21,2260,2385,2240,414106,959787075,58925175540,25508734
2021-01-26,2260,-45,-1.95,2305,2320,2240,216071,490896825,57649738840,25508734
2021-01-25,2305,-10,-0.43,2315,2360,2305,322145,749902915,58797631870,25508734
2021-01-22,2315,90,4.04,2225,2335,2190,459903,1044059820,59052719210,25508734
2021-01-21,2225,-55,-2.41,2285,2295,2225,294217,665083835,56756933150,25508734
2021-01-20,2280,-35,-1.51,2325,2350,2230,395882,901120085,58159913520,25508734
2021-01-19,2315,150,6.93,2150,2315,2145,830796,1874705345,59052719210,25508734
2021-01-18,2165,-35,-1.59,2190,2240,2155,384748,846555375,55226409110,25508734
2021-01-15,2200,-10,-0.45,2210,2220,2150,363964,796319100,56119214800,25508734
2021-01-14,2210,40,1.84,2155,2215,2145,620239,1353816600,56374302140,25508734
2021-01-13,2170,150,7.43,2020,2170,2015,599746,1271348715,55353952780,25508734
2021-01-12,2020,15,0.75,2005,2050,1975,114655,230253235,51527642680,25508734
2021-01-11,2005,-75,-3.61,2050,2100,1985,223475,453494580,51145011670,25508734
2021-01-08,2080,5,0.24,2080,2150,2055,170325,355263715,53058166720,25508734
2021-01-07,2075,45,2.22,2040,2110,2030,249437,517225035,52930623050,25508734
2021-01-06,2030,-45,-2.17,2070,2075,2030,125445,257742035,51782730020,25508734
2021-01-05,2075,-5,-0.24,2080,2095,2030,161859,332889295,52930623050,25508734
2021-01-04,2080,50,2.46,2060,2100,2030,230880,477487395,53058166720,25508734
2020-12-30,2030,0,0,2050,2055,2030,75403,153759480,51782730020,25508734
2020-12-29,2030,20,1,2010,2035,1990,113828,228596635,51782730020,25508734
2020-12-28,2010,-5,-0.25,2015,2020,1945,258604,513526925,51272555340,25508734
2020-12-24,2015,5,0.25,1985,2025,1985,72079,144498125,51400099010,25508734
2020-12-23,2010,40,2.03,1970,2035,1935,137036,272484840,51272555340,25508734
2020-12-22,1970,-65,-3.19,2035,2050,1960,151688,303647255,50252205980,25508734
2020-12-21,2035,-40,-1.93,2090,2090,2015,174287,357813145,51910273690,25508734
2020-12-18,2075,30,1.47,2045,2125,2045,272761,566240430,52930623050,25508734
2020-12-17,2045,0,0,2045,2055,2025,101716,207234365,52165361030,25508734
2020-12-16,2045,50,2.51,2015,2065,2005,99504,201754690,52165361030,25508734
2020-12-15,1995,-50,-2.44,2055,2075,1995,206649,415387675,50889924330,25508734
2020-12-14,2045,-35,-1.68,2075,2120,2030,435729,905854880,52165361030,25508734
2020-12-11,2080,70,3.48,2025,2180,1990,1261295,2650213800,53058166720,25508734
2020-12-10,2010,-45,-2.19,2055,2070,2010,192566,390790190,51272555340,25508734
2020-12-09,2055,-65,-3.07,2120,2120,2055,237934,494489285,52420448370,25508734
2020-12-08,2120,70,3.41,2070,2145,2050,744199,1574697060,54078516080,25508734
2020-12-07,2050,50,2.5,2030,2065,2010,202062,411622025,52292904700,25508734
2020-12-04,2000,-70,-3.38,2090,2090,2000,224065,454875210,51017468000,25508734
2020-12-03,2070,35,1.72,2020,2085,2015,179658,369231075,52803079380,25508734
2020-12-02,2035,5,0.25,2030,2060,2005,121848,247385710,51910273690,25508734
2020-12-01,2030,20,1,2005,2050,2000,128615,260572535,51782730020,25508734
2020-11-30,2010,-15,-0.74,2010,2025,1995,219392,440068960,51272555340,25508734
2020-11-27,2025,10,0.5,2010,2040,1995,127920,257291945,51655186350,25508734
2020-11-26,2015,-55,-2.66,2075,2080,2010,200441,408450530,51400099010,25508734
2020-11-25,2070,-65,-3.04,2155,2165,2025,474317,991088270,52803079380,25508734
2020-11-24,2135,70,3.39,2065,2135,2050,538766,1133109080,54461147090,25508734
2020-11-23,2065,5,0.24,2045,2105,2030,418568,866542240,52675535710,25508734
2020-11-20,2060,-75,-3.51,2220,2220,2045,831254,1758939450,52547992040,25508734
2020-11-19,2135,40,1.91,2120,2135,2055,715361,1500664810,54461147090,25508734
2020-11-18,2095,-5,-0.24,2090,2130,2040,1077265,2253771975,53440797730,25508734
2020-11-17,2100,200,10.53,1920,2250,1920,6634556,13942993100,53568341400,25508734
2020-11-16,1900,-25,-1.3,1930,1950,1900,205645,395013085,48466594600,25508734
2020-11-13,1925,15,0.79,1910,1955,1880,223198,426228010,49104312950,25508734
2020-11-12,1910,0,0,1910,1955,1890,149638,285947575,48721681940,25508734
2020-11-11,1910,-20,-1.04,1925,1955,1885,258502,498220510,48721681940,25508734
2020-11-10,1930,20,1.05,1945,1950,1900,187972,361456535,49231856620,25508734
2020-11-09,1910,20,1.06,1910,1945,1865,279599,532796260,48721681940,25508734
2020-11-06,1890,40,2.16,1850,1900,1835,129534,243002895,48211507260,25508734
2020-11-05,1850,10,0.54,1840,1890,1750,182899,335190055,47191157900,25508734
2020-11-04,1840,-60,-3.16,1930,1935,1820,332915,624228950,46936070560,25508734
2020-11-03,1900,30,1.6,1885,2010,1880,569147,1102724375,48466594600,25508734
2020-11-02,1870,115,6.55,1755,1870,1755,258017,472467915,47701332580,25508734
2020-10-30,1755,-65,-3.57,1820,1850,1755,295975,529120190,44767828170,25508734
2020-10-29,1820,10,0.55,1785,1870,1765,273619,497834665,46425895880,25508734
2020-10-28,1810,25,1.4,1780,1885,1770,328503,602836960,46170808540,25508734
2020-10-27,1785,30,1.71,1725,1850,1700,305621,547903275,45533090190,25508734
2020-10-26,1755,-80,-4.36,1835,1835,1725,252491,449682055,44767828170,25508734
2020-10-23,1835,-35,-1.87,1870,1875,1820,265240,487488320,46808526890,25508734
2020-10-22,1870,-25,-1.32,1895,1925,1850,351698,662042560,47701332580,25508734
2020-10-21,1895,5,0.26,1895,1930,1845,258714,487434130,48339050930,25508734
2020-10-20,1890,35,1.89,1850,2030,1840,1582035,3065627965,48211507260,25508734
2020-10-19,1855,-170,-8.4,2025,2030,1845,1592577,3027721185,47318701570,25508734
2020-10-16,2025,0,0,2015,2210,1980,8188615,17354374235,51655186350,25508734
2020-10-15,2025,-115,-5.37,2100,2150,1965,2431074,4903338500,51655186350,25508734
2020-10-14,2140,255,13.53,1910,2435,1890,12803132,28344833345,54588690760,25508734
2020-10-13,1885,45,2.45,2160,2260,1885,6157996,12811694080,48083963590,25508734
2020-10-12,1840,45,2.51,1800,1845,1765,246750,477667120,46936070560,25508734
2020-10-08,1795,-25,-1.37,1820,1830,1765,127145,227859295,45788177530,25508734
2020-10-07,1820,-25,-1.36,1845,1850,1805,71835,131401765,46425895880,25508734
2020-10-06,1845,-5,-0.27,1855,1860,1805,123815,227042460,47063614230,25508734
2020-10-05,1850,85,4.82,1790,1850,1775,165395,300260585,47191157900,25508734
2020-09-29,1765,85,5.06,1700,1865,1695,640362,1156302175,45022915510,25508734
2020-09-28,1680,20,1.2,1670,1710,1665,22600,38238325,42854673120,25508734
2020-09-25,1660,5,0.3,1645,1700,1620,55010,91337375,42344498440,25508734
2020-09-24,1655,-25,-1.49,1655,1670,1610,49611,80717345,42216954770,25508734
2020-09-23,1680,-10,-0.59,1690,1720,1660,68481,115581800,42854673120,25508734
2020-09-22,1690,-115,-6.37,1785,1800,1690,181164,314125905,43109760460,25508734
2020-09-21,1805,-20,-1.1,1825,1850,1740,122344,219256985,46043264870,25508734
2020-09-18,1825,-60,-3.18,1885,1900,1805,167053,305703565,46553439550,25508734
2020-09-17,1885,30,1.62,1855,1920,1835,239333,449816885,48083963590,25508734
2020-09-16,1855,30,1.64,1825,1885,1800,175133,324520565,47318701570,25508734
2020-09-15,1825,-15,-0.82,1850,1880,1800,112358,205276455,46553439550,25508734
2020-09-14,1840,20,1.1,1860,1860,1825,116892,215213440,46936070560,25508734
2020-09-11,1820,15,0.83,1830,1850,1790,187669,340988730,46425895880,25508734
2020-09-10,1805,-60,-3.22,1865,1895,1805,205901,375893630,46043264870,25508734
2020-09-09,1865,15,0.81,1850,1895,1810,173052,322090935,47573788910,25508734
2020-09-08,1850,-115,-5.85,2010,2010,1815,366081,698639835,47191157900,25508734
2020-09-07,1965,110,5.93,1860,2060,1840,993392,1964163850,50124662310,25508734
2020-09-04,1855,0,0,1770,1915,1770,815478,1508491805,47318701570,25508734
2020-09-03,1855,180,10.75,1675,1930,1660,4143160,7590526350,47318701570,25508734
2020-09-02,1675,35,2.13,1645,1690,1615,227300,377071310,42727129450,25508734
2020-09-01,1640,105,6.84,1540,1730,1540,664621,1082776760,41834323760,25508734
2020-08-31,1535,30,1.99,1505,1560,1505,92255,141935960,39155906690,25508734
2020-08-28,1505,0,0,1490,1525,1490,25048,37720850,38390644670,25508734
2020-08-27,1505,5,0.33,1510,1530,1490,32256,48695560,38390644670,25508734
2020-08-26,1500,-25,-1.64,1530,1545,1485,59751,90086095,38263101000,25508734
2020-08-25,1525,65,4.45,1475,1535,1460,93334,138685885,38900819350,25508734
2020-08-24,1460,-30,-2.01,1465,1500,1455,56807,83656930,37242751640,25508734
2020-08-21,1490,15,1.02,1475,1510,1445,72475,106684795,38008013660,25508734
2020-08-20,1475,-65,-4.22,1535,1545,1445,184669,272893270,37625382650,25508734
2020-08-19,1540,60,4.05,1485,1540,1475,173396,260351660,39283450360,25508734
2020-08-18,1480,-55,-3.58,1550,1835,1480,2669477,4476357120,37752926320,25508734
2020-08-14,1535,-20,-1.29,1545,1560,1520,25994,39990985,39155906690,25508734
2020-08-13,1555,30,1.97,1530,1555,1520,42923,65868410,39666081370,25508734
2020-08-12,1525,-15,-0.97,1520,1545,1515,33900,51957465,38900819350,25508734
2020-08-11,1540,-10,-0.65,1550,1550,1525,26179,40429485,39283450360,25508734
2020-08-10,1550,25,1.64,1540,1550,1520,61837,94691805,39538537700,25508734
2020-08-07,1525,20,1.33,1520,1530,1500,33765,51099235,38900819350,25508734
2020-08-06,1505,-5,-0.33,1510,1530,1500,77580,117096285,38390644670,25508734
2020-08-05,1510,-30,-1.95,1545,1545,1500,56558,85558030,38518188340,25508734
2020-08-04,1540,0,0,1545,1545,1500,27391,41680610,39283450360,25508734
2020-08-03,1540,25,1.65,1535,1540,1520,71194,109142880,39283450360,25508734
2020-07-31,1515,-15,-0.98,1530,1535,1500,22763,34557365,38645732010,25508734
2020-07-30,1530,20,1.32,1510,1545,1510,36059,55098140,39028363020,25508734
2020-07-29,1510,-10,-0.66,1520,1535,1475,65120,97874070,38518188340,25508734
2020-07-28,1520,25,1.67,1500,1535,1500,72706,110075270,38773275680,25508734
2020-07-27,1495,0,0,1495,1505,1450,25504,37864940,38135557330,25508734
2020-07-24,1495,-20,-1.32,1500,1515,1480,43230,64866980,38135557330,25508734
2020-07-23,1515,-45,-2.88,1560,1560,1500,44457,67981160,38645732010,25508734
2020-07-22,1560,10,0.65,1580,1580,1540,20376,31851775,39793625040,25508734
2020-07-21,1550,25,1.64,1525,1555,1520,40073,61717145,39538537700,25508734
2020-07-20,1525,0,0,1540,1565,1515,51491,78765920,38900819350,25508734
2020-07-17,1525,10,0.66,1515,1525,1490,38329,57735385,38900819350,25508734
2020-07-16,1515,-25,-1.62,1580,1580,1500,25561,38774995,38645732010,25508734
2020-07-15,1540,-15,-0.96,1545,1575,1540,41073,63841795,39283450360,25508734
2020-07-14,1555,5,0.32,1560,1590,1545,28207,44284360,39666081370,25508734
2020-07-13,1550,20,1.31,1565,1565,1530,33658,52145010,39538537700,25508734
2020-07-10,1530,30,2,1500,1540,1500,47952,73121305,39028363020,25508734
2020-07-09,1500,-5,-0.33,1515,1530,1495,55140,83163575,38263101000,25508734
2020-07-08,1505,0,0,1505,1535,1495,46764,70816440,38390644670,25508734
2020-07-07,1505,-35,-2.27,1550,1550,1490,35307,53224160,38390644670,25508734
2020-07-06,1540,20,1.32,1520,1540,1490,35589,54144745,39283450360,25508734
2020-07-03,1520,35,2.36,1485,1520,1465,74498,111306890,38773275680,25508734
2020-07-02,1485,20,1.37,1465,1495,1460,23466,34683980,37880469990,25508734
2020-07-01,1465,-75,-4.87,1540,1550,1465,111380,165480235,37370295310,25508734
2020-06-30,1540,85,5.84,1455,1620,1455,596972,926579495,39283450360,25508734
2020-06-29,1455,10,0.69,1465,1535,1430,137068,202207925,37115207970,25508734
2020-06-26,1445,25,1.76,1425,1545,1420,321383,475566940,36860120630,25508734
2020-06-25,1420,30,2.16,1380,1420,1375,50702,71136965,36222402280,25508734
2020-06-24,1390,-15,-1.07,1425,1425,1370,46557,64791985,35457140260,25508734
2020-06-23,1405,70,5.24,1320,1510,1320,477658,687209590,35839771270,25508734
2020-06-22,1335,5,0.38,1325,1350,1300,19825,26296570,34054159890,25508734
2020-06-19,1330,0,0,1340,1375,1305,43669,57802050,33926616220,25508734
2020-06-18,1330,10,0.76,1305,1390,1305,55313,74344050,33926616220,25508734
2020-06-17,1320,-20,-1.49,1350,1350,1295,23995,31637905,33671528880,25508734
2020-06-16,1340,55,4.28,1295,1375,1295,31830,42701115,34181703560,25508734
2020-06-15,1285,-120,-8.54,1400,1405,1265,143469,190685215,32778723190,25508734
2020-06-12,1405,-65,-4.42,1430,1465,1380,85802,120015155,35839771270,25508734
2020-06-11,1470,-30,-2,1500,1500,1460,55910,82489990,37497838980,25508734
2020-06-10,1500,-5,-0.33,1515,1515,1480,62733,93733625,38263101000,25508734
2020-06-09,1505,0,0,1505,1520,1485,50963,76581635,38390644670,25508734
2020-06-08,1505,-30,-1.95,1545,1555,1495,83342,125671850,38390644670,25508734
2020-06-05,1535,0,0,1520,1540,1500,34464,52402095,39155906690,25508734
2020-06-04,1535,-20,-1.29,1555,1575,1535,72821,113206605,39155906690,25508734
2020-06-03,1555,0,0,1550,1565,1540,38589,59875950,39666081370,25508734
2020-06-02,1555,-5,-0.32,1550,1570,1535,59046,91569320,39666081370,25508734
2020-06-01,1560,15,0.97,1575,1575,1540,28934,44750625,39793625040,25508734
2020-05-29,1545,0,0,1545,1585,1540,47909,74502565,39410994030,25508734
2020-05-28,1545,-60,-3.74,1590,1615,1545,48209,75425780,39410994030,25508734
2020-05-27,1605,30,1.9,1575,1605,1560,54323,85687515,40941518070,25508734
2020-05-26,1575,20,1.29,1560,1610,1555,81439,128508105,40176256050,25508734
2020-05-25,1555,-5,-0.32,1560,1580,1535,20606,31998920,39666081370,25508734
2020-05-22,1560,0,0,1555,1590,1510,59901,91850250,39793625040,25508734
2020-05-21,1560,0,0,1560,1585,1535,24352,37902205,39793625040,25508734
2020-05-20,1560,35,2.3,1520,1560,1510,37734,58228290,39793625040,25508734
2020-05-19,1525,30,2.01,1495,1535,1485,34326,51638775,38900819350,25508734
2020-05-18,1495,0,0,1500,1515,1430,53236,79202170,38135557330,25508734
2020-05-15,1495,0,0,1495,1525,1480,59089,88234860,38135557330,25508734
2020-05-14,1495,-10,-0.66,1505,1525,1495,23678,35584145,38135557330,25508734
2020-05-13,1505,-35,-2.27,1540,1550,1495,115195,173758830,38390644670,25508734
2020-05-12,1540,-35,-2.22,1575,1585,1495,87869,134619185,39283450360,25508734
2020-05-11,1575,-10,-0.63,1585,1590,1550,27235,42893015,40176256050,25508734
2020-05-08,1585,5,0.32,1580,1595,1560,43439,68677165,40431343390,25508734
2020-05-07,1580,-10,-0.63,1595,1595,1570,49428,78008585,40303799720,25508734
2020-05-06,1590,30,1.92,1590,1620,1565,157869,252479075,40558887060,25508734
2020-05-04,1560,35,2.3,1525,1570,1510,91922,142310855,39793625040,25508734
2020-04-29,1525,5,0.33,1520,1555,1500,141644,214727445,38900819350,25508734
2020-04-28,1520,20,1.33,1500,1570,1490,105277,160391020,38773275680,25508734
2020-04-27,1500,25,1.69,1480,1500,1465,154996,228974035,38263101000,25508734
2020-04-24,1475,-20,-1.34,1495,1495,1450,30789,45324775,37625382650,25508734
2020-04-23,1495,-5,-0.33,1505,1520,1480,50891,76020925,38135557330,25508734
2020-04-22,1500,30,2.04,1450,1500,1430,64363,94325175,38263101000,25508734
2020-04-21,1470,-65,-4.23,1535,1590,1445,154769,234801065,37497838980,25508734
2020-04-20,1535,20,1.32,1535,1605,1485,307332,480230550,39155906690,25508734
2020-04-17,1515,95,6.69,1420,1535,1410,232858,346045765,38645732010,25508734
2020-04-16,1420,65,4.8,1365,1435,1335,59737,81904010,36222402280,25508734
2020-04-14,1355,20,1.5,1360,1405,1340,55723,75514920,34564334570,25508734
2020-04-13,1335,-50,-3.61,1385,1395,1325,62107,84226225,34054159890,25508734
2020-04-10,1385,-15,-1.07,1425,1440,1365,205496,286831255,35329596590,25508734
2020-04-09,1400,25,1.82,1385,1435,1380,103763,145284905,35712227600,25508734
2020-04-08,1375,15,1.1,1360,1400,1310,112688,153975655,35074509250,25508734
2020-04-07,1360,55,4.21,1340,1375,1300,179475,239209025,34691878240,25508734
2020-04-06,1305,65,5.24,1240,1305,1230,285026,361805630,33288897870,25508734
2020-04-03,1240,80,6.9,1170,1390,1160,1935796,2497237800,31630830160,25508734
2020-04-02,1160,45,4.04,1110,1160,1090,104305,117937650,29590131440,25508734
2020-04-01,1115,-5,-0.45,1140,1165,1100,183760,208822755,28442238410,25508734
2020-03-31,1120,60,5.66,1080,1165,1070,291738,327580695,28569782080,25508734
2020-03-30,1060,0,0,1045,1090,1005,157494,165754155,27039258040,25508734
2020-03-27,1060,50,4.95,1040,1130,1010,309940,331560575,27039258040,25508734
2020-03-26,1010,-10,-0.98,1010,1070,971,229600,234245200,25763821340,25508734
2020-03-25,1020,117,12.96,925,1025,922,157458,153718114,26018908680,25508734
2020-03-24,903,33,3.79,905,915,850,147672,132003027,23034386802,25508734
2020-03-23,870,-77,-8.13,870,908,856,199591,174432368,22192598580,25508734
2020-03-20,947,48,5.34,885,973,885,258965,239472233,24156771098,25508734
2020-03-19,899,-161,-15.19,1045,1075,850,469921,448143952,22932351866,25508734
2020-03-18,1060,-60,-5.36,1125,1160,1020,204165,224102745,27039258040,25508734
2020-03-17,1120,-55,-4.68,1020,1160,1020,367803,400472875,28569782080,25508734
2020-03-16,1175,-120,-9.27,1240,1350,1175,361813,445130490,29972762450,25508734
2020-03-13,1295,-140,-9.76,1270,1375,1190,394687,495039900,33033810530,25508734
2020-03-12,1435,-65,-4.33,1465,1485,1355,217924,309722000,36605033290,25508734
2020-03-11,1500,-60,-3.85,1560,1580,1440,182651,275068430,38263101000,25508734
2020-03-10,1560,45,2.97,1490,1850,1470,1176780,1980324055,39793625040,25508734
2020-03-09,1515,-165,-9.82,1655,1655,1510,203725,320445645,38645732010,25508734
2020-03-06,1680,-50,-2.89,1700,1725,1665,69336,117087515,42854673120,25508734
2020-03-05,1730,40,2.37,1690,1735,1680,51527,88174860,44130109820,25508734
2020-03-04,1690,0,0,1680,1695,1650,113087,188928290,43109760460,25508734
2020-03-03,1690,20,1.2,1680,1695,1660,91378,153480070,43109760460,25508734
2020-03-02,1670,15,0.91,1645,1685,1625,70650,117238730,42599585780,25508734
2020-02-28,1655,-160,-8.82,1745,1780,1655,208310,356500290,42216954770,25508734
2020-02-27,1815,0,0,1800,1835,1745,191723,340153040,46298352210,25508734
2020-02-26,1815,-5,-0.27,1820,1820,1785,24168,43583325,46298352210,25508734
2020-02-25,1820,20,1.11,1800,1840,1785,63971,115841625,46425895880,25508734
2020-02-24,1800,-110,-5.76,1850,1895,1800,143580,263939825,45915721200,25508734
2020-02-21,1910,-45,-2.3,1955,1955,1890,90670,173513160,48721681940,25508734
2020-02-20,1955,-15,-0.76,1985,1990,1945,51736,101573145,49869574970,25508734
2020-02-19,1970,-40,-1.99,2000,2010,1940,104163,204703275,50252205980,25508734
2020-02-18,2010,-50,-2.43,2060,2060,1980,53228,107793255,51272555340,25508734
2020-02-17,2060,-15,-0.72,2045,2060,1975,128611,260937285,52547992040,25508734
2020-02-14,2075,-55,-2.58,2130,2150,2065,109435,229628250,52930623050,25508734
2020-02-13,2130,120,5.97,2010,2140,2010,467041,976253100,54333603420,25508734
2020-02-12,2010,140,7.49,1885,2025,1870,310360,605646265,51272555340,25508734
2020-02-11,1870,10,0.54,1955,1955,1810,155623,287868690,47701332580,25508734
2020-02-10,1860,-5,-0.27,1865,1875,1845,27722,51478865,47446245240,25508734
2020-02-07,1865,-35,-1.84,1900,1900,1855,31205,58433890,47573788910,25508734
2020-02-06,1900,55,2.98,1845,1915,1845,27179,51240000,48466594600,25508734
2020-02-05,1845,0,0,1890,1890,1820,33602,61766265,47063614230,25508734
2020-02-04,1845,45,2.5,1800,1860,1780,26589,48234805,47063614230,25508734
2020-02-03,1800,-55,-2.96,1825,1860,1765,60609,109266500,45915721200,25508734
2020-01-31,1855,-45,-2.37,1875,1900,1855,72165,135106250,47318701570,25508734
2020-01-30,1900,-20,-1.04,1920,1930,1885,34889,66107235,48466594600,25508734
2020-01-29,1920,5,0.26,1895,1920,1865,39509,75004765,48976769280,25508734
2020-01-28,1915,-55,-2.79,1960,1960,1855,113592,215307590,48849225610,25508734
2020-01-23,1970,-15,-0.76,1985,1995,1965,12947,25536370,50252205980,25508734
2020-01-22,1985,25,1.28,1960,1990,1955,24836,49106750,50634836990,25508734
2020-01-21,1960,-30,-1.51,1990,2000,1960,87507,172530605,49997118640,25508734
2020-01-20,1990,0,0,2010,2010,1975,56647,112710965,50762380660,25508734
