,Date,Asian economy,D&C,Digital_joseon,Ncsoft_Corporation,Play with,Vespa,Comtec_Systems,Samsung_SDS,Sultrux,CJ Cheiljedang,Hantop,Harim,Hyundai Motor,Kia Corporation,KR motors,Didim,Kangwon Land,Modutour,Korean_Air_Lines,T'Way Air ,Yerimdang,HMM,KSS Line ,Tewoong,Koreaeset,Samsung_Securities,Shinyoung Securitie,Co_num
0,2021-10-15,3780,39600,3170,630000,9870,11400,1635.0,204000,28400.0,249500.0,1365,28400.0,118000.0,41600.0,1015,1825,28700.0,26550,26850.0,3273.64917,2825,3650,7430.0,7990,12350,37850,53800.0,582
1,2021-10-14,3730,39500,2990,632000,9990,10500,1620.0,204000,27550.0,251000.0,1350,27550.0,117000.0,41600.0,1015,1825,28350.0,26700,26150.0,3178.242432,2775,3565,7480.0,7800,12200,37700,53800.0,676
2,2021-10-13,3520,39200,2975,643000,10400,10150,1645.0,206000,26450.0,250500.0,1295,26450.0,127000.0,42600.0,1010,1820,28850.0,26800,26500.0,3196.131104,2750,3585,7480.0,7310,11700,38300,53800.0,748
3,2021-10-12,3380,39300,2985,646000,10400,9970,1625.0,205000,26950.0,249500.0,1280,26950.0,130500.0,43400.0,987,1785,28600.0,26500,25400.0,3202.093994,2725,3635,7400.0,6850,11400,38100,53700.0,574
4,2021-10-08,3565,37950,2965,644000,10650,10900,1545.0,195000,27850.0,242500.0,1315,27850.0,131000.0,42700.0,994,1840,27650.0,26150,23700.0,2921.836182,2820,3475,7220.0,6960,11800,36350,53100.0,715
5,2021-10-07,3370,38550,2960,649000,9950,10800,1565.0,198000,25250.0,237500.0,1310,25250.0,131000.0,42550.0,982,1895,27300.0,27100,23850.0,2912.891846,2845,3500,7250.0,7000,11800,36350,52900.0,756
6,2021-10-06,3100,37200,2705,655000,9740,10900,1535.0,201000,23250.0,235500.0,1275,23250.0,127500.0,41950.0,951,1805,28000.0,26600,23800.0,2844.318115,2845,3500,7140.0,6630,11300,35400,52600.0,819
7,2021-10-05,3310,38600,2810,636000,10050,11500,1460.0,194000,24500.0,237500.0,1310,24500.0,125000.0,40900.0,948,1855,27550.0,28050,23650.0,2766.800049,2915,3475,6980.0,6930,12100,35250,53000.0,691
8,2021-10-01,3515,40600,2895,640000,10000,12200,1475.0,191500,25450.0,237500.0,1350,25450.0,123500.0,40100.0,990,1905,27100.0,27300,24150.0,2826.429443,2890,3400,7030.0,7210,12750,35000,52600.0,802
9,2021-09-30,3690,41550,3000,656000,9860,12500,1515.0,194000,26750.0,239500.0,1400,26750.0,124000.0,40250.0,1015,1950,26800.0,27650,25750.0,2865.188477,2975,3475,7000.0,7470,13200,34900,52500.0,858
10,2021-09-29,3790,42250,2980,657000,9620,13150,1510.0,193000,26700.0,241500.0,1340,26700.0,124000.0,39400.0,1015,1930,26750.0,28200,26000.0,2865.188477,2975,3520,7410.0,7460,13200,35350,52500.0,1052
11,2021-09-28,3985,41400,3005,670000,9800,12000,1530.0,200000,28350.0,247000.0,1365,28350.0,132000.0,41300.0,1025,1880,27650.0,27700,27000.0,2859.225586,2960,3530,7630.0,7570,13650,36700,52700.0,1051
12,2021-09-27,4185,42300,3165,672000,9970,12600,1525.0,198000,29100.0,243500.0,1400,29100.0,131000.0,40500.0,1050,1980,27300.0,28400,26900.0,2862.207031,2980,3525,7630.0,7610,13150,35850,52700.0,847
13,2021-09-24,4095,40950,3165,648000,10050,13300,1560.0,198500,29100.0,244000.0,1410,29100.0,130000.0,40650.0,1035,2030,27050.0,28500,26300.0,2886.058594,2970,3710,7630.0,7440,13500,35300,52600.0,1216
14,2021-09-23,4185,38700,3205,644000,9920,13800,1580.0,199500,29050.0,255000.0,1430,29050.0,132500.0,41350.0,1055,2020,26950.0,28800,26100.0,2832.392334,3015,3800,7710.0,7340,13800,35500,52900.0,911
15,2021-09-17,4435,39950,3160,650000,10000,13850,1580.0,200500,29050.0,266500.0,1475,29050.0,136000.0,41650.0,1065,2075,27200.0,27350,26100.0,2957.61377,2945,3820,7690.0,7600,13900,35450,52800.0,701
16,2021-09-16,4340,40500,3120,629000,9970,14300,1590.0,198000,29300.0,275500.0,1475,29300.0,133000.0,41250.0,1070,2100,26850.0,26700,26050.0,2880.095703,2960,3815,7690.0,7660,13550,35300,52600.0,762
17,2021-09-15,4365,40500,3190,657000,10050,14050,1595.0,200000,29300.0,276000.0,1520,29300.0,133500.0,41650.0,1075,2110,26650.0,27100,25650.0,2886.058594,2940,3825,7700.0,7690,13700,35250,52600.0,719
18,2021-09-14,4610,40900,3250,658000,10150,13900,1615.0,201500,29150.0,271000.0,1525,29150.0,135500.0,41450.0,1090,2060,26450.0,26900,25300.0,2868.169922,3050,3980,7770.0,7770,13550,35250,53000.0,795
19,2021-09-13,4555,40750,3200,655000,9850,13350,1565.0,199000,28800.0,268500.0,1500,28800.0,132500.0,41350.0,1095,2055,26200.0,25500,16591.36328,2874.132813,2930,3860,7690.0,7580,13450,35500,52700.0,534
20,2021-09-10,4700,40750,3315,687000,9980,14000,1545.0,199000,28850.0,274500.0,1505,28850.0,131500.0,41300.0,1100,2155,26250.0,25850,16421.7168,2814.503418,3020,3710,7650.0,7930,13200,35750,52600.0,649
21,2021-09-09,4830,40600,3285,676000,10000,14250,1510.0,195500,28800.0,273500.0,1505,28800.0,130000.0,40550.0,1090,2135,25800.0,25550,16048.49707,2796.614746,2975,3625,7670.0,8030,13400,35700,52400.0,678
22,2021-09-08,4850,41150,3350,669000,10100,14200,1475.0,191500,29200.0,267500.0,1510,29200.0,128000.0,40050.0,1115,2145,25050.0,25700,15980.63867,2653.504395,2990,3500,7970.0,8100,13900,35100,52300.0,654
23,2021-09-07,4385,42050,3385,663000,10150,15000,1400.0,182000,29900.0,263000.0,1555,29900.0,122500.0,38600.0,1110,2150,23800.0,25600,14996.69238,2358.339355,3025,3345,7740.0,8270,13900,33900,51200.0,691
24,2021-09-06,4240,42600,3380,669000,10150,15050,1445.0,183000,29900.0,262000.0,1575,29900.0,122500.0,38150.0,1120,2185,24150.0,25000,15234.19629,2385.172607,3000,3395,7810.0,8100,14350,34300,51100.0,476
25,2021-09-03,4195,41950,3415,672000,10350,15950,1425.0,179500,30200.0,264500.0,1580,30200.0,122500.0,38150.0,1125,2095,23600.0,24900,15573.48828,2367.283691,3055,3380,7840.0,8130,13000,34000,50500.0,558
26,2021-09-02,4450,42400,3475,654000,10800,15950,1380.0,173000,30150.0,259000.0,1585,30150.0,121000.0,37700.0,1130,2070,23850.0,25050,15573.48828,2319.580322,3060,3340,7880.0,8110,13000,34000,50200.0,550
27,2021-09-01,4355,43100,3500,649000,10750,16150,1280.0,166500,30050.0,244000.0,1585,30050.0,115000.0,36250.0,1130,2110,22800.0,25050,15132.40918,2230.13623,3060,3255,7630.0,8210,12950,33100,49650.0,549
28,2021-08-31,4300,41900,3415,661000,10200,17750,1340.0,168000,29750.0,247000.0,1590,29750.0,113500.0,34500.0,1125,2145,23050.0,24850,15132.40918,2265.913818,3010,3320,7690.0,8230,12600,32950,49600.0,670
29,2021-08-30,4285,42650,3450,679000,10200,17650,1305.0,169500,30100.0,249500.0,1600,30100.0,112500.0,34900.0,1130,2225,23350.0,25150,15200.26758,2340.450439,3000,3405,7680.0,8240,12800,33200,50400.0,455
30,2021-08-27,4090,41200,3410,720000,10100,20850,1380.0,179500,30050.0,258500.0,1610,30050.0,113000.0,35750.0,1115,2075,23650.0,24300,16286.00098,2352.376465,2985,3525,7780.0,8070,12700,34300,50900.0,562
31,2021-08-26,4075,40800,3390,711000,9900,24800,1380.0,181000,29600.0,259500.0,1605,29600.0,114000.0,35900.0,1115,2100,24450.0,24300,17032.44336,2543.190186,2980,3730,7930.0,8060,12850,34900,51500.0,561
32,2021-08-25,4040,41100,3375,700000,10000,28300,1365.0,178000,30000.0,261500.0,1585,30000.0,110500.0,34650.0,1105,2085,23950.0,24250,16150.28418,2409.02417,3035,3670,7950.0,8090,13300,34400,51600.0,564
33,2021-08-24,3960,41900,3370,700000,10000,27200,1365.0,178000,30250.0,261500.0,1560,30250.0,110500.0,34650.0,1100,2130,23950.0,23600,16150.28418,2280.821289,2935,3670,7950.0,8190,14200,34400,51600.0,699
34,2021-08-23,3825,40500,3245,676000,9760,27150,1290.0,169500,29150.0,249500.0,1520,29150.0,102000.0,31950.0,1060,2110,23400.0,22300,15980.63867,2265.913818,2825,3430,7700.0,8040,12550,33550,50200.0,429
35,2021-08-20,3585,40050,3055,666000,9490,26550,1230.0,166500,28200.0,246000.0,1490,28200.0,100000.0,31800.0,1050,2115,23050.0,21800,15437.77148,2209.266113,2740,3430,7550.0,7820,12300,33100,49950.0,524
36,2021-08-19,3865,41750,3180,666000,9660,27000,1200.0,166500,29700.0,246000.0,1570,29700.0,100000.0,31800.0,1100,2285,23050.0,21800,15437.77148,1961.804321,2900,3430,7550.0,8400,13100,33100,49950.0,558
37,2021-08-18,4085,43500,3435,641000,10100,27450,1045.0,152000,30700.0,222000.0,1590,30700.0,87200.0,28850.0,1135,2200,21250.0,23000,13978.81738,1756.083252,3025,3060,6900.0,9110,13800,31400,47100.0,565
38,2021-08-17,3950,42400,3295,595000,9940,26700,1030.0,148500,30750.0,218000.0,1565,30750.0,82900.0,27100.0,1105,2180,20900.0,22500,13639.52539,1779.934937,3035,2990,6650.0,9450,13800,30050,46500.0,514
39,2021-08-13,4140,44300,3480,577000,10550,27000,1035.0,143000,32800.0,214000.0,1630,32800.0,80100.0,25350.0,1140,2255,19800.0,23600,13435.95117,1729.25,3055,3000,6520.0,10150,14550,29300,46000.0,516
40,2021-08-12,4215,45600,3560,570000,10850,27800,941.0,141000,33800.0,210000.0,1630,33800.0,73500.0,25300.0,1165,2215,18500.0,24500,12282.35938,1598.065552,3075,2825,6350.0,10100,14750,28500,45800.0,525
41,2021-08-11,4175,45750,3575,530000,11000,27750,740.0,139000,33350.0,155000.0,1630,33350.0,65900.0,22550.0,1180,2055,16900.0,24300,9228.734375,1228.363892,3100,2325,5680.0,9930,15000,24400,41900.0,533
42,2021-08-10,4170,46250,3690,567000,10850,28550,816.0,145000,34500.0,188000.0,1750,34500.0,71100.0,24150.0,1195,2095,17400.0,24400,10348.39648,1290.974609,3155,2425,5940.0,9460,14900,23900,42900.0,658
43,2021-08-09,4245,46050,3730,572000,11250,28500,800.0,137000,35150.0,172500.0,1770,35150.0,68900.0,21500.0,1200,2135,16250.0,25200,9703.742188,1234.326782,3200,2190,5640.0,9630,16250,20800,39600.0,357
44,2021-08-06,4600,45350,3810,649000,11450,29600,894.0,146000,34100.0,191000.0,1785,34100.0,74800.0,23100.0,1225,2080,18250.0,25500,10178.75098,1267.122925,3300,2340,5880.0,9540,16600,23350,40400.0,517
45,2021-08-05,4790,45800,3880,651000,11500,30150,947.0,148500,34200.0,203000.0,1795,34200.0,84500.0,25150.0,1235,2135,19350.0,25050,11773.42188,1511.603027,3305,2600,6120.0,9630,16750,27400,42350.0,465
46,2021-08-04,4645,46200,3870,625000,11100,30700,986.0,143500,33650.0,200000.0,1795,33650.0,84900.0,25050.0,1215,2165,19600.0,25500,12452.00488,1654.713379,3265,2660,6270.0,9470,14850,26850,45450.0,465
47,2021-08-03,4615,46000,3780,622000,11000,30050,991.0,146000,31950.0,203500.0,1735,31950.0,86400.0,25500.0,1190,2115,20050.0,24250,12859.15527,1690.490967,3190,2665,6370.0,9390,14200,27800,47100.0,485
48,2021-08-02,4730,47000,3950,624000,11500,31400,1030.0,151500,31800.0,213500.0,1770,31800.0,85400.0,24950.0,1230,2190,19300.0,24050,12689.50879,1684.528076,3295,2805,6400.0,9600,14750,28300,45350.0,304
49,2021-07-30,4745,46650,3795,652000,11400,31250,1065.0,149500,32500.0,216000.0,1720,32500.0,88700.0,26000.0,1235,2130,19750.0,24500,12689.50879,1738.194458,3255,3100,6640.0,9560,15500,29350,46050.0,468
50,2021-07-29,4900,47350,3715,618000,11850,31100,1125.0,141000,33000.0,214000.0,1790,33000.0,85400.0,25550.0,1255,2115,18450.0,24450,12791.29688,1747.138794,3340,3150,6650.0,9520,15700,27250,45850.0,492
51,2021-07-28,4980,47000,3715,656000,11900,31000,1170.0,144000,33100.0,228000.0,1730,33100.0,86600.0,25800.0,1235,2100,18700.0,24150,12893.08398,1762.046143,3330,3270,6600.0,9650,15150,27750,45950.0,511
52,2021-07-27,5140,47850,3835,647000,12600,30600,1245.0,144500,32800.0,230500.0,1755,32800.0,86300.0,25400.0,1250,2025,18650.0,24250,12655.58008,1723.287109,3325,3215,6760.0,9770,15300,27300,45950.0,612
53,2021-07-26,5190,47400,3800,678000,12750,30900,1285.0,154500,34200.0,245500.0,1690,34200.0,88800.0,26800.0,1240,2000,20000.0,23950,12689.50879,1750.120361,3365,3240,6890.0,9730,16600,28700,46050.0,344
54,2021-07-23,4910,49000,3925,675000,12450,30300,1290.0,156500,34000.0,248000.0,1735,34000.0,90400.0,28250.0,1275,2050,20700.0,24600,12994.87207,1797.82373,3435,3250,7080.0,9730,18950,28900,46300.0,462
55,2021-07-22,4930,48200,3875,663000,12350,31400,1295.0,156500,33300.0,243500.0,1730,33300.0,90000.0,28250.0,1295,2005,20750.0,24850,12960.94238,1872.360352,3370,3260,6940.0,9660,18350,28000,46200.0,517
56,2021-07-21,4790,46700,3925,655000,12050,31250,1305.0,156500,32650.0,238500.0,1725,32650.0,97100.0,30150.0,1280,2000,23300.0,23650,13537.73828,2036.341064,3295,3280,6970.0,9230,17150,28400,46300.0,496
57,2021-07-20,4985,47050,3950,650000,12300,31200,1260.0,157500,33250.0,231500.0,1735,33250.0,99700.0,31000.0,1300,2040,24100.0,24000,13809.17188,2227.154785,3335,3290,7040.0,9350,18350,28750,46500.0,606
58,2021-07-19,4680,47250,4265,651000,12600,31200,1215.0,152000,31550.0,229000.0,1720,31550.0,97800.0,29500.0,1295,2110,23400.0,24350,13266.30469,2075.100098,3380,3460,7060.0,9330,15150,27800,45900.0,394
59,2021-07-16,5070,47550,4240,656000,13450,30400,1265.0,157000,31700.0,236000.0,1750,31700.0,100000.0,29850.0,1290,2090,23700.0,24950,13300.23438,2060.192627,3470,3585,7140.0,9290,15350,28300,46200.0,560
60,2021-07-15,5400,47000,4340,655000,13200,30700,1290.0,158000,32000.0,237000.0,1755,32000.0,99100.0,29000.0,1270,2105,24700.0,24700,13300.23438,2098.951904,3515,3705,7130.0,9260,14650,27450,46000.0,569
61,2021-07-14,5350,47400,4285,649000,13200,31500,1300.0,164000,31650.0,237000.0,1750,31650.0,100500.0,29900.0,1265,2155,24950.0,24300,14182.39258,2227.154785,3510,3655,7120.0,9300,14550,28850,46250.0,519
62,2021-07-13,5610,48250,4310,642000,11850,31300,1310.0,166000,32150.0,235500.0,1735,32150.0,97600.0,29350.0,1265,2210,24400.0,24900,13266.30469,2331.506104,3550,3750,7030.0,9470,15050,28250,46400.0,637
63,2021-07-12,5410,48250,4340,642000,12050,29600,1275.0,165500,31150.0,233500.0,1725,31150.0,93500.0,28850.0,1265,2160,24650.0,24700,12994.87207,2271.876709,3575,3685,6980.0,9440,15100,27850,45400.0,417
64,2021-07-09,5370,46000,4175,677000,11850,28550,1345.0,166000,30300.0,236000.0,1710,30300.0,92600.0,28400.0,1210,2130,24800.0,24500,13062.72949,2343.431885,3535,3650,6990.0,9280,15850,27850,44750.0,509
65,2021-07-08,5420,47150,4225,661000,11750,28350,1370.0,163000,30700.0,250000.0,1745,30700.0,92400.0,28800.0,1220,2270,24450.0,24700,13402.02148,2343.431885,3645,3680,7100.0,9490,16800,27850,44950.0,503
66,2021-07-07,5890,46650,4245,653000,11750,27200,1345.0,157000,30900.0,259000.0,1760,30900.0,90100.0,27700.0,1220,2185,24150.0,25750,13435.95117,2289.765625,3795,3710,6900.0,9770,17500,27300,44350.0,550
67,2021-07-06,6050,45850,4290,630000,11900,27950,1360.0,159000,30750.0,274000.0,1810,30750.0,91600.0,28600.0,1210,2095,24700.0,26400,13503.80957,2283.802734,3790,3670,6950.0,9770,15250,28350,44350.0,582
68,2021-07-05,6050,44000,4240,648000,12000,27650,1405.0,158500,30500.0,269500.0,1805,30500.0,93200.0,29250.0,1210,2050,25200.0,25950,13368.09277,2337.468994,3525,3600,7180.0,10100,16350,28400,44700.0,320
69,2021-07-02,6560,44050,4245,643000,11200,27200,1385.0,162500,30450.0,272500.0,1785,30450.0,93600.0,29650.0,1215,2100,25050.0,25700,13435.95117,2316.598877,3545,3610,7300.0,10100,12600,30100,46000.0,359
70,2021-07-01,6580,44400,4080,624000,11100,27250,1266.550781,156500,30450.0,271000.0,1785,30450.0,91500.0,28700.0,1235,2230,24400.0,25800,12960.94238,2268.895264,3460,3505,7160.0,9740,12650,28950,45300.0,346
71,2021-06-30,6460,44400,4100,641000,11350,26200,1266.550781,162000,30000.0,286500.0,1800,30000.0,93200.0,29150.0,1225,2080,24400.0,26350,12723.43848,2245.043701,3465,3495,7300.0,9570,12750,29300,45000.0,333
72,2021-06-29,6120,44350,4220,646000,11700,26150,1271.058105,177000,30100.0,284500.0,1775,30100.0,92600.0,29000.0,1255,2165,24550.0,26300,12994.87207,2265.913818,3520,3600,7250.0,9450,12650,28900,45100.0,375
73,2021-06-28,5460,44100,4435,679000,11550,25850,1275.56543,176000,29900.0,277000.0,1780,29900.0,94500.0,30500.0,1215,2185,24900.0,26650,13028.80078,2268.895264,3485,3645,7430.0,9500,12700,28950,44600.0,205
74,2021-06-25,5180,45100,4310,699000,11100,25850,1284.579956,180500,29850.0,273500.0,1780,29850.0,93700.0,30550.0,1210,2185,24500.0,27250,12791.29688,2218.210449,3490,3765,7370.0,9330,13100,28500,44650.0,263
75,2021-06-24,5050,45950,4360,747000,11100,25750,1280.072754,176000,30050.0,287500.0,1760,30050.0,91900.0,29700.0,1200,2130,23800.0,26900,12418.07617,2116.840576,3450,3705,7350.0,9080,12650,27700,44300.0,269
76,2021-06-23,4935,45950,4560,721000,10850,25750,1275.56543,179000,30350.0,292000.0,1790,30350.0,93100.0,29700.0,1210,2195,22800.0,27700,12350.21777,2104.914795,3430,3680,7400.0,9230,12550,27550,43850.0,252
77,2021-06-22,4970,44450,4735,753000,11050,25800,1234.999756,174500,30400.0,301000.0,1815,30400.0,92300.0,28700.0,1255,2270,22500.0,27950,12825.22559,2033.359497,3485,3695,7390.0,9090,12650,27200,44200.0,236
78,2021-06-21,5000,44300,5050,745000,10850,26800,1216.970459,175000,30350.0,308500.0,1835,30350.0,92300.0,29100.0,1230,2260,23000.0,27650,12350.21777,2033.359497,3530,3735,7560.0,9070,12850,27250,44400.0,131
79,2021-06-18,5150,44300,6500,727000,11450,27200,1212.463257,172000,30150.0,308000.0,1850,30150.0,91900.0,29350.0,1260,2325,22900.0,28900,12248.42969,2045.2854,3590,3760,7450.0,9350,12200,27450,44650.0,197
80,2021-06-17,5100,43000,6100,732000,11500,26750,1225.985107,175000,30250.0,294500.0,1870,30250.0,99100.0,31700.0,1245,2300,23800.0,28700,13232.37598,2230.13623,3630,3800,7570.0,9490,12000,28350,45000.0,200
81,2021-06-16,4995,42450,5870,750000,11600,27200,1275.56543,178000,30150.0,296000.0,1870,30150.0,97300.0,30850.0,1290,2200,25000.0,28600,13300.23438,2203.302979,3635,3795,7760.0,9660,12350,28200,44950.0,201
82,2021-06-15,5030,42950,5860,792000,11300,27050,1275.56543,177500,30400.0,300000.0,1830,30400.0,97200.0,30600.0,1290,2095,24900.0,27750,13639.52539,2221.191895,3615,3825,7650.0,9370,12650,28900,44900.0,201
83,2021-06-14,5070,43150,5250,790000,11550,25600,1248.521606,174500,30500.0,301500.0,1825,30500.0,94500.0,30100.0,1285,2040,24800.0,28350,13300.23438,2164.543945,3750,3995,7560.0,9450,12150,27900,44250.0,131
84,2021-06-11,4945,43850,4045,812000,11850,25250,1289.08728,186000,30400.0,303000.0,1805,30400.0,96000.0,30400.0,1305,1970,24950.0,29000,13130.58789,2191.377197,3740,4155,8000.0,9420,12300,28350,45000.0,208
85,2021-06-10,4885,41900,3775,801000,11850,24600,1284.579956,188000,30350.0,298500.0,1805,30350.0,97800.0,31500.0,1210,1985,25150.0,29400,13741.31348,2218.210449,3680,4465,7970.0,9450,12100,28850,44600.0,204
86,2021-06-09,5130,42200,3805,787000,12150,25550,1271.058105,185500,30550.0,302000.0,1810,30550.0,98100.0,31950.0,1200,1995,26250.0,29750,14216.32129,2277.839844,3740,4840,7890.0,9460,12000,28750,44300.0,212
87,2021-06-08,5130,43100,3820,792000,10950,26200,1234.999756,187000,30550.0,298000.0,1805,30550.0,97200.0,32100.0,1215,1875,24650.0,29450,14521.68457,2230.13623,3650,4685,7720.0,9650,12150,28800,44650.0,183
88,2021-06-07,5400,43300,3880,790000,12150,26950,1221.477783,190500,30650.0,297000.0,1820,30650.0,98000.0,34250.0,1210,1950,24200.0,29200,14046.67578,2259.950928,3715,4725,7720.0,9790,12400,27950,44650.0,139
89,2021-06-04,5710,44100,3860,816000,10950,27800,1234.999756,191000,30800.0,299000.0,1835,30800.0,100000.0,34600.0,1195,1910,24700.0,29550,14148.46289,2248.025146,3745,4845,7950.0,9480,12500,28450,45400.0,277
90,2021-06-03,5900,45000,3950,810000,12450,27650,1266.550781,190000,30900.0,302000.0,1825,30900.0,102500.0,36500.0,1200,1860,24750.0,30950,14318.10938,2265.913818,3740,4895,7940.0,9550,12450,29650,45900.0,206
91,2021-06-02,5640,45050,3985,792000,11450,27700,1257.536255,186500,31200.0,299500.0,1860,31200.0,108500.0,36800.0,1210,1870,25300.0,30900,15166.33887,2307.654297,3750,5020,7930.0,9780,12450,31450,46550.0,215
92,2021-06-01,5530,45800,3920,800000,11000,27950,1271.058105,182500,31100.0,297500.0,1820,31100.0,108500.0,36000.0,1175,1825,25900.0,29200,15539.55957,2334.487549,3575,5520,7870.0,9780,12750,30400,46100.0,258
93,2021-05-31,5430,44600,3795,805000,11150,26600,1275.56543,184500,30350.0,299000.0,1805,30350.0,111000.0,36550.0,1170,1840,25650.0,28950,16470.5,2468.653564,3555,5410,7830.0,9910,12800,30900,46050.0,147
94,2021-05-28,5600,45400,3760,797000,11250,26050,1262.043457,183000,30500.0,297500.0,1800,30500.0,113000.0,37450.0,1170,1745,25250.0,27000,16550.45313,2373.246582,3380,5240,7840.0,9880,12750,31100,45500.0,194
95,2021-05-27,5600,45750,3590,800000,10550,26400,1248.521606,183500,30450.0,305500.0,1800,30450.0,112000.0,36700.0,1145,1695,25350.0,27050,16870.26953,2361.320801,3390,5280,7810.0,9990,13000,30450,45500.0,214
96,2021-05-26,5440,45050,3630,822000,10450,26400,1253.028931,187500,30650.0,329500.0,1810,30650.0,111500.0,36100.0,1160,1645,24900.0,26250,16550.45313,2298.709961,3230,5400,7760.0,9780,13250,30300,45750.0,218
97,2021-05-25,5200,43500,3605,825000,10450,26750,1239.506958,185500,30500.0,320000.0,1775,30500.0,108500.0,35700.0,1140,1580,24500.0,25950,16350.56934,2236.099121,3175,5570,7640.0,9620,12900,29500,45850.0,261
98,2021-05-24,4940,43150,3510,824000,9760,26050,1189.926758,179000,30500.0,328500.0,1705,30500.0,103500.0,35000.0,1155,1580,23800.0,24950,15830.86914,2206.284668,3160,5160,8250.0,9960,12950,28800,44850.0,138
99,2021-05-21,4990,44500,3615,810000,10000,26100,1077.244263,169500,30350.0,316500.0,1790,30350.0,97000.0,32200.0,1180,1710,22250.0,24600,15191.23731,2092.98877,3270,4750,7870.0,9990,12600,27400,43950.0,208
100,2021-05-20,5120,44300,3730,875000,9900,26600,1144.85376,180500,30350.0,336500.0,1780,30350.0,101500.0,34250.0,1190,1780,23350.0,25500,15790.8916,2155.599609,3285,4905,8080.0,10200,12150,28800,43600.0,172
101,2021-05-18,5220,43300,3740,866000,9820,25700,1135.839111,180500,30150.0,337000.0,1835,30150.0,100500.0,33250.0,1130,1760,22750.0,25450,15391.12207,2131.747803,3270,4780,8050.0,9950,12350,28400,43850.0,249
102,2021-05-17,5330,42950,3490,832000,9490,25450,1131.331909,177000,29900.0,338000.0,1800,29900.0,100000.0,33400.0,1150,1775,22750.0,26100,15431.09961,2092.98877,3300,4670,8100.0,10350,11700,28150,44250.0,172
103,2021-05-14,5590,43100,3980,857000,9790,27850,1167.390259,177000,30300.0,332000.0,1840,30300.0,100000.0,33050.0,1190,1800,22600.0,24450,15551.03027,2063.174316,3225,4655,8230.0,9350,11650,28600,44200.0,254
104,2021-05-13,5490,43000,3995,888000,9840,28450,1140.346436,176000,30300.0,329000.0,1785,30300.0,98500.0,32500.0,1180,1780,22350.0,23650,15191.23731,2072.118652,3220,4480,8060.0,10050,11550,28150,43600.0,231
105,2021-05-12,5280,43400,4020,920000,9740,28000,1126.824585,177500,30850.0,338000.0,2155,30850.0,98700.0,32250.0,1185,1795,22550.0,23900,14791.46875,2096.200684,3255,4450,7890.0,9910,11950,27650,43600.0,227
106,2021-05-11,5270,43700,4020,943000,9750,28350,1162.882935,179000,31100.0,346000.0,1660,31100.0,103000.0,33750.0,1215,1850,22300.0,23800,14431.67578,2096.200684,3315,4530,7850.0,10050,12000,27900,43600.0,222
107,2021-05-10,4705,45600,4040,912000,9900,28500,1158.37561,174000,31050.0,339500.0,1650,31050.0,99400.0,32550.0,1240,1890,21750.0,23750,14071.88379,2072.302734,3325,4320,7730.0,9720,11900,26850,43450.0,163
108,2021-05-07,4815,46550,3970,909000,10000,28300,1158.37561,174000,31100.0,338000.0,1610,31100.0,100000.0,33050.0,1250,1880,21950.0,23300,14271.76758,2133.754883,3225,4660,7930.0,9360,11900,26950,43500.0,242
109,2021-05-06,4455,45050,3910,890000,10100,28450,1135.839111,169000,31050.0,328500.0,1630,31050.0,97700.0,32100.0,1230,1850,21450.0,22950,13951.95215,2072.302734,3300,4720,7790.0,8420,11800,26100,42500.0,179
110,2021-05-04,4560,43600,3885,891000,9830,29200,1144.85376,168500,31100.0,326000.0,1615,31100.0,97700.0,32050.0,1200,1785,21500.0,22300,13871.99902,2113.270752,3255,4685,7840.0,7870,11450,26350,42600.0,238
111,2021-05-03,4335,42150,3780,893000,9760,28250,1122.317261,171000,31000.0,339000.0,1620,31000.0,98200.0,32200.0,1225,1795,21700.0,22700,14111.86035,2103.028809,3300,4650,7870.0,8090,11550,26350,43000.0,184
112,2021-04-30,4595,43600,3795,964000,10000,29300,1135.839111,176500,31400.0,356500.0,1555,31400.0,99000.0,32200.0,1245,1800,22500.0,22600,14191.81445,2126.926758,3340,4760,8050.0,8440,11600,26650,43000.0,195
113,2021-04-29,4595,45000,3960,944000,9980,30000,1140.346436,177500,31700.0,357000.0,1550,31700.0,99200.0,32150.0,1265,1840,22000.0,21750,14231.79102,2126.926758,3215,4925,8150.0,8920,12100,26750,43100.0,227
114,2021-04-28,4335,46500,4000,995000,9970,29950,1167.390259,178000,31300.0,360500.0,1575,31300.0,101500.0,32950.0,1285,1870,22250.0,21850,14191.81445,2085.95874,3180,4970,8140.0,8030,12250,27250,43450.0,227
115,2021-04-27,3800,48700,4060,962000,10350,30950,1144.85376,177000,31250.0,369000.0,1615,31250.0,99200.0,32200.0,1330,1890,22400.0,21750,13752.06738,2068.888672,3260,4940,8320.0,8290,12750,27300,43700.0,257
116,2021-04-26,3830,49050,4150,945000,10550,31000,1153.868286,178000,31500.0,362000.0,1565,31500.0,99600.0,32850.0,1320,1915,23200.0,21650,13432.25195,2041.57666,3215,4920,8490.0,7710,13050,27500,43600.0,116
117,2021-04-23,3610,49300,4195,947000,10700,33000,1185.419434,177500,31450.0,382000.0,1520,31450.0,99600.0,32500.0,1325,1930,23150.0,20850,13712.09082,2007.436523,3105,4840,8790.0,7620,14150,27400,43900.0,253
118,2021-04-22,3540,48650,4090,944000,10700,33000,1162.882935,179000,31400.0,390000.0,1550,31400.0,98300.0,32050.0,1345,1930,23250.0,21300,13312.32129,1905.016357,3155,4715,8460.0,7770,13500,26700,43800.0,204
119,2021-04-21,3610,48500,4020,965000,10450,31100,1180.912109,183500,31250.0,400000.0,1530,31250.0,101500.0,33800.0,1345,1930,23250.0,21300,13472.22949,1898.188232,3155,4815,8660.0,7840,10400,27800,44250.0,230
120,2021-04-20,3475,47700,4150,946000,10650,31500,1176.404785,184500,31950.0,406000.0,1550,31950.0,101500.0,34000.0,1370,1940,23550.0,21700,13592.16016,1826.494141,3220,4970,8650.0,7370,10800,28000,43950.0,218
121,2021-04-19,3295,46900,4160,928000,10550,31700,1185.419434,183000,31900.0,392500.0,1495,31900.0,109000.0,35200.0,1330,1930,24000.0,21150,13991.92969,1911.84436,3210,4995,8560.0,7250,10900,28350,44000.0,148
122,2021-04-16,3475,48950,4275,879000,11400,33000,1167.390259,179000,32150.0,384000.0,1590,32150.0,110000.0,35300.0,1360,1970,24250.0,21250,14551.60644,1918.672363,3190,5000,8550.0,7090,10750,28700,44000.0,217
123,2021-04-15,3325,48850,4030,880000,11850,29700,1162.882935,180500,32550.0,380000.0,1600,32550.0,117500.0,36800.0,1375,1965,24400.0,20800,14471.65234,1870.876221,3090,5020,8520.0,6720,10400,29250,44200.0,216
124,2021-04-14,3325,50600,3890,859000,10950,28000,1180.912109,180500,32400.0,376000.0,1635,32400.0,121500.0,38000.0,1405,2030,25000.0,20750,14431.67578,1823.080078,3130,4995,8400.0,6890,10400,29050,43950.0,217
125,2021-04-13,2560,53000,3940,859000,11300,28050,1171.897583,180000,32550.0,376500.0,1660,32550.0,121500.0,36700.0,1380,1990,24800.0,21000,15551.03027,1874.290283,3030,5220,8470.0,6850,10300,29900,44800.0,247
126,2021-04-12,2470,40800,3865,861000,10200,26900,1162.882935,177500,31750.0,371000.0,1655,31750.0,118500.0,35800.0,1375,1990,23900.0,20900,15271.19141,1823.080078,3065,5190,8460.0,7040,10400,29600,45050.0,158
127,2021-04-09,2475,39700,3845,811000,9710,27450,1153.868286,173500,31850.0,373000.0,1655,31850.0,124500.0,36700.0,1405,1990,23200.0,21100,14871.42188,1754.799927,3030,5200,8390.0,6880,10700,29000,45000.0,201
128,2021-04-08,2480,40250,3820,802000,9900,27000,1131.331909,170500,31250.0,369000.0,1655,31250.0,122500.0,36900.0,1375,2040,22950.0,21050,14711.51465,1666.035767,3005,5170,8270.0,7150,10700,28800,44500.0,215
129,2021-04-07,2480,40850,4145,785000,9950,26350,1140.346436,173500,31200.0,369500.0,1665,31200.0,123500.0,37700.0,1405,2100,22950.0,21300,14071.88379,1614.825684,3015,5200,8490.0,7370,11000,29400,44850.0,244
130,2021-04-06,2400,37950,3860,794000,9960,27100,1144.85376,174000,31100.0,366500.0,1670,31100.0,123000.0,37700.0,1405,2070,22750.0,21400,14311.74512,1659.207764,3045,5170,8390.0,7120,9810,29550,44800.0,198
131,2021-04-05,2435,37350,3855,812000,10050,26150,1131.331909,171500,31150.0,366000.0,1670,31150.0,125000.0,39650.0,1260,2065,23050.0,21100,13991.92969,1659.207764,2990,5490,8340.0,6880,9870,29250,44750.0,147
132,2021-04-02,2270,38000,3800,825000,9870,27900,1122.317261,169500,31750.0,367000.0,1700,31750.0,127500.0,40700.0,1285,2080,22950.0,21600,13911.97559,1628.481689,2945,5850,8380.0,6740,9660,29300,45450.0,155
133,2021-04-01,2230,37150,3205,811000,9950,28500,1117.809937,166500,31300.0,386000.0,1735,31300.0,126500.0,40400.0,1300,2100,22850.0,22050,13911.97559,1703.589844,2940,5880,8440.0,6790,9470,28950,44750.0,166
134,2021-03-31,2255,36950,3195,844000,9580,28900,1104.288086,167000,31400.0,414000.0,1720,31400.0,127000.0,39700.0,1315,2130,22500.0,22100,13712.09082,1710.417847,2960,6040,8570.0,6730,9580,28800,44600.0,199
135,2021-03-30,2280,36700,3370,846000,9590,29850,1113.302612,167500,31750.0,415000.0,1720,31750.0,132500.0,41150.0,1320,2180,22450.0,21650,13871.99902,1771.869995,2930,6030,8590.0,6990,8870,29800,45000.0,158
136,2021-03-29,2315,36950,3460,846000,10100,29800,1108.79541,167500,31350.0,417500.0,1675,31350.0,134000.0,41100.0,1290,2185,22450.0,21600,13792.04492,1758.213989,2920,6050,8630.0,7240,9050,30700,45500.0,145
137,2021-03-26,2290,35850,3285,854000,10100,30000,1104.288086,169500,31800.0,420000.0,1730,31800.0,144500.0,42150.0,1345,2175,22950.0,22300,14471.65234,1823.080078,2930,6430,8800.0,7240,8800,31050,45600.0,127
138,2021-03-25,2315,36450,3220,865000,9540,24100,1095.273438,167000,32400.0,424000.0,1700,32400.0,147000.0,42250.0,1385,2025,22800.0,22400,15271.19141,1877.704224,2935,6600,8750.0,5570,8910,31100,45850.0,121
139,2021-03-24,2270,36800,3150,841000,9060,22500,1099.780762,164500,32500.0,427000.0,1715,32500.0,170000.0,46350.0,1445,1990,22600.0,22450,14991.35254,1853.806152,2950,6700,8620.0,5460,8440,33000,46450.0,127
140,2021-03-23,2305,36900,3000,840000,8890,21950,1081.751587,165500,32700.0,443500.0,1820,32700.0,179000.0,47200.0,1360,2010,23050.0,22750,15111.28418,1993.780518,2900,6800,8590.0,5250,8470,32650,49900.0,137
141,2021-03-22,2335,37450,3045,850000,9090,21100,1081.751587,172500,32350.0,414500.0,1850,32350.0,172000.0,45250.0,1345,2065,23900.0,23150,15630.98438,2051.818604,2965,6380,8530.0,5320,8530,33000,49700.0,97
142,2021-03-19,2375,37300,2975,897000,8950,21000,1081.751587,170000,32950.0,414000.0,2025,32950.0,170000.0,44900.0,1345,2100,23500.0,23650,15750.91504,2021.092529,3025,6650,8580.0,5170,8500,32950,48800.0,115
143,2021-03-18,2320,37600,2865,872000,8910,19550,1072.736938,169000,32300.0,401000.0,1910,32300.0,167000.0,44400.0,1325,2090,23250.0,23950,15591.00684,2048.404541,3055,6410,8510.0,5150,8530,31950,48050.0,146
144,2021-03-17,2275,36900,2880,834000,8740,18550,1000.620178,167000,31250.0,403000.0,1880,31250.0,158000.0,42700.0,1350,2115,22100.0,24450,14591.58398,1843.564209,3075,5690,8220.0,5170,8500,30300,46600.0,124
145,2021-03-16,2250,36450,2850,841000,8800,18150,973.576416,166000,31050.0,402500.0,1925,31050.0,164500.0,42300.0,1370,2025,21950.0,24350,14711.51465,1846.978149,3105,5860,8370.0,5240,8480,30400,46650.0,120
146,2021-03-15,2205,35350,2765,783000,8760,18100,928.503418,159000,31150.0,400500.0,1900,31150.0,155000.0,40250.0,1320,2065,20900.0,24600,14031.90625,1768.455933,3035,5560,8270.0,5270,8460,29200,45300.0,79
147,2021-03-12,2195,35400,2760,823000,8750,17750,937.518005,158000,30850.0,397000.0,1870,30850.0,156000.0,40750.0,1340,1890,20650.0,23150,14311.74512,1802.596069,3010,5600,8280.0,5070,8220,29450,45150.0,140
148,2021-03-11,2165,34900,2745,841000,8570,17100,1018.649414,159500,30750.0,406000.0,1920,30750.0,161500.0,41550.0,1250,1820,20650.0,22650,14191.81445,1771.869995,2990,5550,8350.0,5080,8290,29750,45250.0,140
149,2021-03-10,2140,34650,2695,826000,8390,16850,1059.215088,161500,30350.0,416500.0,1800,30350.0,166000.0,43000.0,1270,1740,21350.0,22500,14551.60644,1829.908081,2990,5700,8370.0,4885,7980,31450,45950.0,137
150,2021-03-09,2170,34050,2775,818000,8550,17650,1180.912109,159500,30850.0,416500.0,1920,30850.0,167500.0,43200.0,1315,1775,21000.0,22800,14391.69922,1853.806152,3000,5580,8280.0,5000,7970,31300,45800.0,139
151,2021-03-08,2175,34500,2765,863000,8710,17600,1266.550781,159000,31650.0,418000.0,1910,31650.0,163500.0,42200.0,1295,1830,20500.0,22500,14191.81445,1785.526001,2980,5340,8220.0,5070,8000,30400,46000.0,102
152,2021-03-05,2190,35850,2675,856000,8810,19200,1225.985107,158500,32650.0,416500.0,2080,32650.0,172000.0,42750.0,1325,1855,20900.0,23200,14231.79102,1788.940063,3050,5550,8220.0,5010,7970,30750,46100.0,127
153,2021-03-04,2195,36600,2730,825000,8860,17100,1149.361084,157500,32250.0,407000.0,2240,32250.0,176500.0,42450.0,1300,1875,20650.0,23350,14111.86035,1795.768066,3055,5760,8170.0,4955,8000,30150,46150.0,131
154,2021-03-03,2190,36900,2630,828000,8930,17450,1180.912109,159000,31800.0,403500.0,2400,31800.0,180000.0,43150.0,1220,1885,21000.0,23100,14351.72168,1792.354004,3040,5870,8170.0,5020,8020,30950,46300.0,118
155,2021-03-02,2155,36500,2580,850000,8940,16050,1203.448608,161500,31200.0,401500.0,2400,31200.0,176000.0,42200.0,1245,1800,21350.0,23050,14671.53711,1795.768066,3015,6170,8270.0,4875,7980,32300,47300.0,118
156,2021-02-26,2125,36200,2560,835000,8710,17250,1225.985107,159500,31350.0,401500.0,2330,31350.0,176500.0,42700.0,1235,1825,21100.0,23550,14791.46875,1833.322144,3050,6330,8390.0,4870,7860,32250,48200.0,131
157,2021-02-25,2215,37450,2590,813000,8960,16000,1230.492432,157000,32550.0,396500.0,2150,32550.0,172500.0,42150.0,1295,1900,20800.0,23900,14871.42188,1829.908081,3135,6360,8390.0,4965,7980,31400,48300.0,131
158,2021-02-24,2110,37000,2580,812000,8880,20050,1216.970459,158500,32200.0,389500.0,2120,32200.0,170000.0,42300.0,1330,1940,21250.0,23800,14951.37598,1816.252075,3075,6300,8410.0,4845,7840,32150,48250.0,122
159,2021-02-23,2205,38200,2655,811000,9310,21300,1248.521606,166000,33300.0,389500.0,2250,33300.0,168000.0,42300.0,1450,1980,21450.0,23600,14991.35254,1819.666138,3175,6220,8510.0,5080,7980,31650,48350.0,144
160,2021-02-22,2300,37100,2720,791000,9380,21000,1207.955933,177000,33350.0,375500.0,2300,33350.0,167500.0,42100.0,1410,1980,21100.0,22900,14711.51465,1792.354004,3225,6490,8470.0,5090,8020,31050,47500.0,117
161,2021-02-19,2320,38400,2710,830000,9370,21300,1207.955933,174500,33450.0,401500.0,2330,33450.0,169000.0,42150.0,1425,2015,21050.0,22500,14831.44531,1829.908081,3190,7080,8420.0,5110,8090,31200,47900.0,130
162,2021-02-18,2360,39600,2700,818000,9510,20900,1203.448608,178000,33850.0,403500.0,2410,33850.0,171500.0,42300.0,1280,2020,21150.0,22750,14631.56055,1707.003906,3255,7260,8490.0,5140,8100,31400,47750.0,175
163,2021-02-17,2360,40000,2760,830000,9810,21900,1225.985107,181000,34200.0,392000.0,2380,34200.0,180000.0,44400.0,1300,1995,21250.0,23150,14911.39941,1720.659912,3125,7230,8490.0,5240,8200,31950,48000.0,188
164,2021-02-16,2265,39800,2735,824000,9490,21900,1266.550781,180000,33450.0,394000.0,2395,33450.0,179000.0,44650.0,1280,1990,21250.0,23050,15311.16894,1809.424072,3100,7400,8610.0,4890,7990,31700,47750.0,258
165,2021-02-15,2240,41500,2740,822000,9370,21450,1225.985107,177500,33400.0,393000.0,2385,33400.0,183500.0,46750.0,1260,1985,21500.0,22700,15351.14551,1826.494141,3110,7450,8720.0,4885,8000,31800,47250.0,161
166,2021-02-10,2225,41800,2665,805000,9180,21850,1216.970459,179000,33150.0,387000.0,2340,33150.0,184000.0,48500.0,1130,1970,21650.0,23000,15111.28418,1812.838135,3120,7300,8690.0,4700,8080,31400,47300.0,184
167,2021-02-09,2165,40450,2675,821000,9200,22750,1198.941284,181500,32850.0,387000.0,2290,32850.0,181000.0,47800.0,1190,2010,21300.0,23050,15031.33008,1816.252075,3155,7260,9250.0,4655,8020,31200,47200.0,175
168,2021-02-08,2225,40150,2675,804000,9250,20900,1158.37561,177500,33150.0,387500.0,2510,33150.0,185000.0,48450.0,1145,2000,21200.0,23700,15071.30664,1768.455933,3145,7410,9100.0,4715,8150,30700,46800.0,91
169,2021-02-05,2280,41050,2690,787000,9400,20850,1122.317261,168000,33750.0,380500.0,2485,33750.0,179500.0,46300.0,882,2035,20950.0,22600,14711.51465,1741.143921,3125,7100,8710.0,4795,7970,29950,46250.0,145
170,2021-02-04,2260,39950,2710,805000,9300,20150,1122.317261,165500,33850.0,383000.0,2635,33850.0,179500.0,46000.0,941,2030,21100.0,22450,14831.44531,1707.003906,3145,7130,9240.0,4830,7870,29800,45850.0,125
171,2021-02-03,2230,40500,2680,787000,9780,20500,1153.868286,167500,33600.0,387500.0,2640,33600.0,171500.0,44550.0,946,2070,20600.0,22850,14391.69922,1676.277832,3185,6860,9030.0,4830,7880,29200,45600.0,170
172,2021-02-02,2155,40250,2610,784000,9520,18000,1135.839111,166500,33350.0,390000.0,2710,33350.0,170000.0,44000.0,920,2090,20800.0,22750,14671.53711,1734.315918,3145,6860,9090.0,4700,7870,29400,45800.0,190
173,2021-02-01,2125,40450,2560,799000,9680,17100,1473.886475,171500,33350.0,394000.0,2790,33350.0,175500.0,45500.0,917,2120,21400.0,22750,15031.33008,2054.166748,2990,7280,9220.0,4565,7720,29500,46350.0,126
174,2021-01-29,2060,39000,2555,806000,10300,17200,1464.871948,169500,33600.0,395000.0,2775,33600.0,178500.0,46900.0,898,2045,21500.0,22650,15071.30664,2083.333252,2895,7210,9200.0,4590,7700,30600,46800.0,152
175,2021-01-28,2225,40850,2660,789000,12400,18400,1541.495972,174500,34200.0,398500.0,2820,34200.0,187000.0,50500.0,970,2100,21500.0,23750,15431.09961,2033.333374,3085,7380,9370.0,4990,7800,31100,46900.0,113
176,2021-01-27,2310,42050,2770,788000,11550,17900,1550.51062,172000,35000.0,410500.0,2715,35000.0,182500.0,50600.0,1005,2110,21300.0,23850,15830.86914,2070.833252,3235,7390,9410.0,5210,7980,30750,46750.0,104
177,2021-01-26,2260,42950,2780,768000,10700,17250,1618.120117,177500,35850.0,407000.0,2685,35850.0,183000.0,50300.0,1005,2110,21500.0,24500,15790.8916,2087.5,3180,7440,9570.0,5300,7970,30850,46750.0,130
178,2021-01-25,2305,43950,2800,751000,10450,18000,1577.554321,177000,36250.0,405500.0,2795,36250.0,180500.0,50900.0,1030,2385,21800.0,24950,15790.8916,2083.333252,3345,7410,9840.0,5320,8050,31750,46400.0,101
179,2021-01-22,2315,41850,2830,754000,9840,18000,1582.061646,176500,35200.0,410000.0,2655,35200.0,180000.0,49700.0,1030,2455,23400.0,23950,16510.47656,2183.333252,3255,7340,9740.0,5230,8070,32900,46450.0,128
180,2021-01-21,2225,42150,2840,754000,9290,18100,1591.076294,173000,35850.0,398000.0,2715,35850.0,179000.0,50300.0,1020,2345,23000.0,23350,16350.56934,2187.5,3235,7340,9530.0,5280,8070,32300,46450.0,112
181,2021-01-20,2280,43100,2840,752000,9360,18550,1505.437622,171000,35950.0,393500.0,2790,35950.0,178000.0,49150.0,1025,2305,22550.0,23300,16390.54688,2137.5,3150,7190,9530.0,5140,8020,31850,46150.0,123
182,2021-01-19,2315,41900,2805,750000,9180,18700,1500.930298,167500,35150.0,391000.0,2815,35150.0,176000.0,48900.0,1040,2270,22000.0,23100,16550.45313,2083.333252,3140,7270,9460.0,5150,8040,32450,46400.0,145
183,2021-01-18,2165,38000,2765,767000,9030,17100,1442.335449,173500,35000.0,387500.0,2830,35000.0,172000.0,47150.0,1030,2120,22050.0,23100,16270.61523,2070.833252,3070,7090,9560.0,5040,7750,32150,45650.0,102
184,2021-01-15,2200,37700,2870,771000,9280,18650,1406.2771,174000,35550.0,385500.0,2930,35550.0,168000.0,46700.0,1055,2085,22400.0,24200,16430.52344,2154.166748,3160,7000,9660.0,5080,7820,32900,45900.0,155
185,2021-01-14,2210,38550,2855,794000,9700,16050,1491.915649,176000,37150.0,386500.0,2925,37150.0,167500.0,46850.0,1070,2095,22500.0,24200,16350.56934,2100.0,3155,7050,9730.0,5180,7970,33100,45950.0,120
186,2021-01-13,2170,38450,2900,809000,9220,14950,1455.8573,175500,36500.0,388000.0,2930,36500.0,165500.0,45450.0,1100,2080,23150.0,23000,16790.31445,2070.833252,2995,7600,9850.0,5170,7930,33300,46100.0,138
187,2021-01-12,2020,36850,2895,811000,8930,15150,1482.901123,174000,36000.0,387000.0,2935,36000.0,162500.0,45200.0,1040,2055,22900.0,22750,16790.31445,2029.166626,2900,7640,9810.0,5240,7900,34150,46750.0,148
188,2021-01-11,2005,36150,2885,796000,8750,14250,1559.525146,172500,36600.0,383000.0,2870,36600.0,167000.0,46250.0,1070,2050,22950.0,21600,16910.24609,2008.333374,2835,8070,9600.0,4990,7930,34250,47300.0,167
189,2021-01-08,2080,36850,3040,796000,9080,15400,1514.452148,182000,37600.0,371000.0,2880,37600.0,171500.0,47950.0,1115,2110,22550.0,21250,17110.13086,1925.0,2915,8820,9420.0,5030,7850,33100,46600.0,187
190,2021-01-07,2075,38300,3250,782000,9180,15250,1415.291626,181000,37650.0,363000.0,2720,37650.0,172500.0,52900.0,1120,2195,22550.0,21150,16590.42969,1866.666626,2960,8860,9420.0,5180,7850,32400,46150.0,191
191,2021-01-06,2030,37850,3250,802000,9070,15500,1433.320801,176500,35000.0,368000.0,2715,35000.0,173500.0,53800.0,1105,2145,22550.0,21100,16630.4082,1866.666626,2920,9450,9710.0,5200,7800,33600,46250.0,298
192,2021-01-05,2075,40000,3140,813000,9040,14600,1397.262451,171000,34850.0,369000.0,2605,34850.0,170000.0,53000.0,1125,2150,21800.0,21200,16230.63769,1816.666626,2965,9490,9450.0,5280,7550,33400,46050.0,260
193,2021-01-04,2080,39700,3150,776000,9080,13750,1334.160278,168500,34500.0,361000.0,2580,34500.0,164500.0,50500.0,1150,2145,21100.0,20700,15950.79981,1712.5,2950,8970,9300.0,5210,7500,32100,45800.0,194
194,2020-12-30,2030,36800,3040,778000,9200,13800,1365.711304,170500,34400.0,358500.0,2650,34400.0,170500.0,51500.0,1135,2135,21200.0,20550,16070.73047,1741.666626,2985,9270,9360.0,5170,7500,32500,46100.0,359
195,2020-12-29,2030,33550,3050,782000,9050,13400,1365.711304,174000,33800.0,363000.0,2500,33800.0,170500.0,51000.0,1075,2075,21650.0,20600,16510.47656,1787.5,2900,9300,9520.0,5070,7620,33050,46400.0,387
196,2020-12-28,2010,32450,2760,837000,9140,12600,1392.755127,174500,33800.0,387000.0,2675,33800.0,171500.0,51500.0,1035,2005,21650.0,19250,16190.66113,1783.333374,2795,9440,9620.0,4930,7700,32900,47000.0,524
197,2020-12-24,2015,33300,2825,843000,9010,13050,1410.784302,177000,34050.0,388000.0,2625,34050.0,175000.0,52200.0,1085,2145,21800.0,19650,16390.54688,1841.666626,2905,10150,9840.0,5040,7640,33400,47150.0,568
198,2020-12-23,2010,32650,2750,848000,9030,12800,1374.725952,173000,33800.0,389000.0,2630,33800.0,170500.0,51600.0,1115,2130,21450.0,18500,16630.4082,1983.333374,2900,10250,9660.0,4980,7570,32950,46850.0,348
199,2020-12-22,1970,32800,2845,844000,9010,13050,1451.349976,175000,33300.0,395000.0,2725,33300.0,172500.0,52300.0,1120,2265,21500.0,19100,17429.94727,2000.0,2990,11900,10250.0,4980,7680,33450,47200.0,376
200,2020-12-21,2035,32650,3050,797000,9300,14100,1410.784302,171000,34000.0,379500.0,2705,34000.0,173500.0,54500.0,1215,2430,22300.0,19550,19388.81641,2200.0,3095,12400,10200.0,5270,7830,33950,48650.0,331
201,2020-12-18,2075,33850,3000,801000,9050,14800,1455.8573,177000,34500.0,367000.0,2845,34500.0,175500.0,58100.0,1225,2440,23450.0,20150,20548.14844,2858.333252,3235,13000,10900.0,5470,7760,35750,49450.0,378
202,2020-12-17,2045,34600,3025,791000,8680,14350,1455.8573,175500,33700.0,366000.0,2860,33700.0,174000.0,59000.0,1145,2350,23000.0,19850,19668.6543,2750.0,3190,14350,11550.0,5550,7690,35500,49700.0,588
203,2020-12-16,2045,34100,3005,808000,8660,15400,1464.871948,176500,34500.0,366500.0,2825,34500.0,177500.0,59200.0,1180,2410,22400.0,20550,19148.95508,2920.0,3060,14400,10800.0,5670,7800,35250,49750.0,427
204,2020-12-15,1995,34350,2940,800000,8540,15200,1437.828125,176500,34850.0,367000.0,2940,34850.0,179000.0,59700.0,1210,2195,22450.0,20950,21547.57227,3125.0,3025,14100,10600.0,5550,7740,38250,50600.0,383
205,2020-12-14,2045,35100,3000,789000,8480,15150,1383.740601,175500,34800.0,364500.0,3020,34800.0,182500.0,58500.0,1245,2170,22850.0,20500,19628.67773,2940.0,3080,12950,10300.0,6090,7680,38800,50700.0,249
206,2020-12-11,2080,35650,3060,800000,8720,14800,1388.247803,178500,34700.0,374500.0,3280,34700.0,179500.0,58200.0,1225,2140,22850.0,21500,19108.97852,3000.0,2975,13150,10400.0,5540,7790,38000,51200.0,365
207,2020-12-10,2010,35100,3065,828000,8760,15200,1401.769775,179000,34750.0,370000.0,3450,34750.0,180000.0,58800.0,1240,2120,22650.0,21550,18549.30078,2935.0,2920,12550,10350.0,5390,7840,38050,51300.0,260
208,2020-12-09,2055,33450,2995,828000,8600,13950,1491.915649,179500,33900.0,370500.0,3210,33900.0,177000.0,58100.0,1245,2170,23100.0,21750,18989.04688,2960.0,2900,12750,10450.0,5390,7840,38250,51000.0,252
209,2020-12-08,2120,34100,2900,822000,8520,10750,1460.364624,178500,33350.0,370500.0,3240,33350.0,179000.0,59300.0,1235,2155,22800.0,22200,19348.83984,2975.0,2850,13400,10850.0,5270,7550,39800,51900.0,259
210,2020-12-07,2050,33800,2815,820000,8770,10000,1482.901123,179000,33650.0,367000.0,3205,33650.0,181000.0,59800.0,1340,2195,23250.0,20550,20108.40234,2980.0,2870,13050,10450.0,5480,7710,39700,51900.0,230
211,2020-12-04,2000,33000,2840,805000,9010,10000,1437.828125,176000,33300.0,366500.0,2980,33300.0,179500.0,59000.0,1430,2190,23900.0,20700,20388.24023,2635.0,2970,12800,10150.0,5320,7610,39400,52000.0,235
212,2020-12-03,2070,33400,2905,816000,9160,10250,1464.871948,175500,34050.0,366500.0,3335,34050.0,179000.0,58400.0,1335,2285,23100.0,22050,20228.33203,2570.0,3025,12900,10100.0,5260,7640,40100,52000.0,296
213,2020-12-02,2035,32600,2895,822000,8550,9440,1464.871948,176000,34850.0,366500.0,3485,34850.0,181000.0,58700.0,1335,2315,23200.0,22300,20268.30859,2595.0,2915,13000,10300.0,5260,7630,40150,54400.0,261
214,2020-12-01,2030,32800,2875,810000,8680,9310,1473.886475,173000,35200.0,361500.0,3535,35200.0,181500.0,57800.0,1310,2315,22450.0,20050,20388.24023,2595.0,2985,13350,10400.0,5380,7710,39450,52700.0,200
215,2020-11-30,2010,31950,2920,852000,8810,9020,1518.959473,174000,35150.0,362500.0,3545,35150.0,183500.0,59800.0,1380,2260,23150.0,19450,21067.84766,2650.0,2965,13400,10450.0,5420,7630,41000,53700.0,154
216,2020-11-27,2025,32600,2775,859000,8700,9060,1518.959473,175000,34900.0,359500.0,3350,34900.0,182500.0,60800.0,1285,2290,23850.0,19200,20668.07813,2635.0,2970,13300,10250.0,5210,7560,41200,54900.0,177
217,2020-11-26,2015,32950,2780,878000,8700,8990,1473.886475,175500,34900.0,360500.0,3100,34900.0,196500.0,64700.0,1250,2300,23750.0,18300,20827.98633,2725.0,2890,12950,10350.0,5210,7800,41500,54700.0,203
218,2020-11-25,2070,33000,2760,867000,8730,9100,1568.539795,174500,34400.0,357000.0,3130,34400.0,196500.0,65400.0,1175,2205,23550.0,18450,20907.93945,2640.0,2940,12750,10300.0,5150,7100,42050,54300.0,212
219,2020-11-24,2135,33800,2845,871000,8890,9050,1654.178467,174000,34700.0,363000.0,2915,34700.0,193500.0,64600.0,1135,2205,23550.0,17700,20628.10156,2580.0,3070,12300,10200.0,5290,7010,41600,52800.0,142
220,2020-11-23,2065,33000,2725,874000,8850,9100,1604.598145,175000,34650.0,362500.0,3000,34650.0,186500.0,63100.0,1050,2200,23250.0,17300,21347.6875,2610.0,2965,12750,10150.0,5450,7100,40850,51600.0,134
221,2020-11-20,2060,33600,2740,879000,9020,9140,1654.178467,175500,35200.0,363000.0,2600,35200.0,191500.0,63700.0,1030,2200,23700.0,16550,22187.20313,2615.0,2935,12900,10200.0,5350,6990,41350,52200.0,156
222,2020-11-19,2135,33100,2780,878000,8830,9100,1654.178467,175000,34950.0,364000.0,2450,34950.0,191500.0,63800.0,1020,2165,23700.0,16050,22626.94922,2620.0,2915,13850,10350.0,5160,7040,41400,51400.0,132
223,2020-11-18,2095,33000,2800,888000,8820,9090,1568.539795,178000,34950.0,377000.0,2295,34950.0,190000.0,63700.0,1035,2215,23950.0,16600,22706.90234,2615.0,2885,13800,10350.0,5190,7050,42400,53000.0,109
224,2020-11-17,2100,31900,2800,885000,8810,9030,1573.047119,180500,34850.0,379000.0,2265,34850.0,189000.0,63200.0,1050,2225,23800.0,16550,21907.36328,2550.0,2915,13300,10400.0,5220,7070,42150,52900.0,92
225,2020-11-16,1900,32650,2775,875000,9010,9020,1555.017944,179500,35300.0,380000.0,2155,35300.0,188500.0,62000.0,1040,2150,23750.0,16650,21907.36328,2545.0,3050,13600,10400.0,5710,7070,42500,52500.0,98
226,2020-11-13,1925,33700,2705,868000,9030,8940,1573.047119,178500,35900.0,383000.0,2055,35900.0,190000.0,62500.0,1070,2190,23400.0,16450,21947.33984,2540.0,2945,13550,10450.0,5690,6900,43200,52600.0,69
227,2020-11-12,1910,31850,2755,868000,9170,8850,1532.481445,177500,35000.0,382000.0,2090,35000.0,190500.0,62000.0,1150,2265,23100.0,16300,21587.54883,2510.0,3090,14350,10650.0,5650,6900,42500,52200.0,74
228,2020-11-11,1910,31000,2785,863000,9390,8930,1482.901123,177500,35400.0,376000.0,2100,35400.0,189000.0,62200.0,1075,2485,23200.0,16950,21587.54883,2540.0,3075,13800,10600.0,4820,7040,42350,52200.0,53
229,2020-11-10,1930,31950,2710,864000,9200,9130,1482.901123,179500,36100.0,376500.0,2300,36100.0,187000.0,61300.0,1005,2530,23300.0,15500,21347.6875,2500.0,2750,13600,10550.0,4920,7050,42600,52400.0,44
230,2020-11-09,1910,33350,2735,865000,9280,9070,1392.755127,177500,36350.0,379000.0,2320,36350.0,184000.0,59800.0,976,2610,22900.0,14500,20788.00977,2415.0,2725,13000,10500.0,4515,6990,41900,52400.0,36
231,2020-11-06,1890,34000,2680,888000,9080,8690,1365.711304,178000,36650.0,384500.0,2250,36650.0,185000.0,61400.0,969,2010,22750.0,14400,21027.87109,2390.0,2685,13050,10400.0,4440,6860,42150,53000.0,37
232,2020-11-05,1850,33500,2700,897000,9260,8950,1365.711304,179500,36550.0,382500.0,2260,36550.0,187000.0,61700.0,976,1905,23100.0,14650,21507.59375,2400.0,2650,12850,10450.0,4500,6810,42950,53500.0,40
233,2020-11-04,1840,32850,2615,898000,8860,8980,1370.218628,178000,34050.0,382500.0,2285,34050.0,189500.0,62800.0,981,1815,23150.0,14450,21067.84766,2330.0,2605,12900,10450.0,4375,6570,43150,52900.0,49
234,2020-11-03,1900,32400,2595,913000,8640,9000,1401.769775,177500,34400.0,383000.0,2115,34400.0,190500.0,62300.0,1005,1830,23450.0,14000,21507.59375,2435.0,2635,13750,10300.0,4430,6550,40700,52600.0,43
235,2020-11-02,1870,32050,2530,931000,8360,8920,1388.247803,178500,34400.0,381000.0,2075,34400.0,192000.0,62400.0,968,1850,23500.0,14100,21747.45703,2500.0,2630,13950,10350.0,4480,6630,40450,52700.0,22
236,2020-10-30,1755,29700,2535,978000,8300,8810,1392.755127,186000,33950.0,384500.0,2020,33950.0,207500.0,64000.0,945,1760,23350.0,13800,22107.24805,2475.0,2600,16550,10500.0,4395,6830,40800,53200.0,46
237,2020-10-29,1820,30200,2600,985000,8570,9100,1383.740601,212500,34700.0,414500.0,2030,34700.0,209500.0,63700.0,938,1925,23450.0,14050,22666.92578,2555.0,2760,16500,11100.0,4660,6920,41350,52600.0,50
238,2020-10-28,1810,30200,2725,953000,8820,9160,1361.204102,203000,34100.0,403500.0,2045,34100.0,203000.0,62200.0,950,1995,23450.0,14150,22586.97266,2545.0,2690,15850,10700.0,4900,6990,42200,53200.0,33
239,2020-10-27,1785,29400,2690,947000,8900,9070,1388.247803,205000,33100.0,405000.0,2070,33100.0,206000.0,63000.0,923,1945,23400.0,13800,22546.99414,2575.0,2520,16150,10900.0,4960,6960,43600,53500.0,31
240,2020-10-26,1755,28850,2755,995000,8890,8850,1365.711304,219500,31700.0,432500.0,1985,31700.0,246000.0,68300.0,929,1780,24000.0,14100,22307.13281,2580.0,2550,15750,11050.0,4435,6950,44000,54400.0,20
241,2020-10-23,1835,32050,2845,978000,9070,9020,1325.14563,209000,33250.0,424000.0,2120,33250.0,267500.0,70100.0,930,1745,23700.0,14400,23266.58008,2590.0,2630,15200,10900.0,4395,6890,45000,54700.0,21
242,2020-10-22,1870,32900,2880,947000,9210,9610,1325.14563,206000,34500.0,417000.0,2185,34500.0,261000.0,70200.0,940,1685,24900.0,14200,23546.41797,2605.0,2525,14850,10750.0,4145,7110,43950,54700.0,21
243,2020-10-21,1895,32900,2985,940000,9310,9580,1370.218628,206000,36150.0,432000.0,2180,36150.0,259000.0,72200.0,1010,1615,24900.0,14350,24345.95703,2690.0,2550,15050,10800.0,4210,7110,43650,54200.0,17
244,2020-10-20,1890,33400,2930,939000,9310,9590,1361.204102,209500,36500.0,448000.0,2110,36500.0,250500.0,73800.0,1095,1555,25650.0,14200,26184.89648,2900.0,2490,15200,10850.0,4200,6950,43050,54800.0,15
245,2020-10-19,1855,33250,2825,935000,9360,9860,1356.696777,203500,35400.0,437000.0,2070,35400.0,240000.0,71100.0,1070,1670,25200.0,13850,25705.17383,2850.0,2560,14800,10600.0,3995,6810,41550,54700.0,12
246,2020-10-16,2025,34450,2750,938000,9340,10300,1343.174927,197000,37900.0,424000.0,1960,37900.0,241000.0,71500.0,884,1810,24350.0,13000,24345.95703,2670.0,2495,14050,10650.0,3960,6970,40600,54400.0,18
247,2020-10-15,2025,35500,2825,957000,9630,10500,1347.682129,200000,39600.0,437000.0,1870,39600.0,261500.0,83400.0,911,1700,24600.0,12750,25345.38086,2720.0,2540,14950,10950.0,4130,6900,41900,54600.0,19
248,2020-10-14,2140,36300,2685,965000,9860,10500,1361.204102,200000,39400.0,433500.0,1905,39400.0,259000.0,87600.0,874,1660,24450.0,13150,25625.21875,2730.0,2615,14700,10950.0,4270,6960,41300,54200.0,21
249,2020-10-13,1885,35600,2685,970000,10200,10800,1392.755127,206500,37050.0,441000.0,1910,37050.0,264500.0,91100.0,850,1725,24400.0,13500,26424.75781,2715.0,2660,14950,11150.0,4180,7060,41600,54200.0,26
250,2020-10-12,1840,34800,2715,989000,10100,10800,1374.725952,202000,37800.0,443500.0,1915,37800.0,257000.0,87800.0,863,1740,25300.0,13900,27943.88281,2780.0,2700,14700,11100.0,4230,7050,41050,54600.0,20
251,2020-10-08,1795,34100,2805,995000,9820,10600,1388.247803,207500,36000.0,471000.0,1870,36000.0,260000.0,93300.0,863,1685,25400.0,13050,30350.0,2850.0,2635,14450,11150.0,4220,7050,41300,54500.0,21
252,2020-10-07,1820,34750,2855,953000,9810,11000,1424.306274,202500,33400.0,461000.0,1875,33400.0,251500.0,89700.0,860,1615,24750.0,12800,30500.0,2810.0,2645,14050,11050.0,4135,6960,40400,54200.0,10
253,2020-10-06,1845,35900,2790,978000,9780,10950,1410.784302,212000,33350.0,461500.0,1885,33350.0,245500.0,90000.0,810,1575,24600.0,12700,30400.0,2810.0,2670,14100,10900.0,3980,7030,40750,54400.0,40
254,2020-10-05,1850,36000,2780,968000,9690,11050,1356.696777,208000,33350.0,450000.0,1870,33350.0,238500.0,88200.0,829,1585,23900.0,12650,29650.0,2710.0,2550,14050,10850.0,3935,7030,39750,54300.0,19
255,2020-09-29,1765,35850,2640,953000,9710,11400,1302.609131,195500,31700.0,426000.0,1940,31700.0,229000.0,82500.0,767,1505,23550.0,12450,28700.0,2615.0,2525,13650,10750.0,3840,6900,37750,53500.0,36
256,2020-09-28,1680,36400,2640,953000,9510,11250,1302.609131,194000,31050.0,434000.0,1940,31050.0,238500.0,90000.0,743,1495,23600.0,12300,29450.0,2630.0,2445,14000,10700.0,3700,6740,38650,54000.0,26
257,2020-09-25,1660,36400,2530,984000,8790,10850,1455.8573,194000,29750.0,444000.0,1935,29750.0,240500.0,89100.0,771,1440,23800.0,11900,29650.0,2665.0,2360,14050,10750.0,3655,6630,39000,53800.0,12
258,2020-09-24,1655,35200,2485,1008000,8830,10650,1437.828125,195500,29600.0,445500.0,1900,29600.0,245500.0,97700.0,777,1450,24000.0,11550,30100.0,2680.0,2340,13950,10850.0,3755,6480,39300,54700.0,67
259,2020-09-23,1680,37200,2625,962000,9290,10900,1487.408447,192000,31550.0,439500.0,1990,31550.0,248500.0,98100.0,711,1485,23800.0,11600,30500.0,2655.0,2395,13700,10700.0,4075,6650,38250,54000.0,24
260,2020-09-22,1690,36700,2530,976000,9340,10750,1428.813477,194500,32650.0,443500.0,2035,32650.0,249500.0,101500.0,729,1530,23900.0,11500,30000.0,2685.0,2430,14050,10800.0,4100,6780,39100,54700.0,41
261,2020-09-21,1805,37950,2570,1038000,9800,10950,1424.306274,195500,31350.0,454500.0,2000,31350.0,234000.0,86300.0,775,1570,24400.0,11900,31400.0,2720.0,2535,14400,10900.0,4370,6960,39700,54400.0,39
262,2020-09-18,1825,40200,2705,1006000,9970,11400,1424.306274,196000,33100.0,431000.0,2065,33100.0,236500.0,84900.0,796,1710,24550.0,12000,30450.0,2710.0,2585,14350,10750.0,4790,7230,39600,54800.0,32
263,2020-09-17,1885,40300,2760,1027000,10050,11550,1406.2771,194500,32700.0,429000.0,2055,32700.0,245000.0,86400.0,812,1730,24450.0,12050,30500.0,2700.0,2590,14500,10950.0,4260,7380,39750,56100.0,39
264,2020-09-16,1855,41800,2800,999000,10300,11650,1442.335449,195500,33750.0,429000.0,2125,33750.0,247500.0,85700.0,817,1810,24650.0,12350,30000.0,2700.0,2630,15350,11250.0,4055,7500,39750,56300.0,80
265,2020-09-15,1825,41750,2765,1015000,10500,11850,1473.886475,204000,33400.0,432000.0,2115,33400.0,247500.0,85700.0,833,1705,25150.0,12300,29100.0,2700.0,2655,15100,11200.0,3970,7550,39750,57300.0,50
266,2020-09-14,1840,42800,2805,999000,10500,11650,1500.930298,203000,34050.0,441000.0,2135,34050.0,243500.0,83200.0,860,1740,24700.0,12200,28550.0,2690.0,2580,15800,11200.0,3980,7510,39300,57100.0,36
267,2020-09-11,1820,43800,2795,995000,10550,12100,1455.8573,199500,34150.0,440000.0,2100,34150.0,235500.0,81000.0,840,1755,24450.0,12100,28700.0,2685.0,2545,15800,10900.0,4015,7450,38400,57000.0,38
268,2020-09-10,1805,43400,3070,997000,10650,11800,1451.349976,203000,36050.0,440000.0,2025,36050.0,242000.0,81800.0,875,1350,24450.0,12100,28500.0,2655.0,2590,16400,11150.0,3950,7500,38350,56200.0,64
269,2020-09-09,1865,41000,3010,931000,10450,11600,1433.320801,200000,35500.0,435000.0,2020,35500.0,241500.0,80000.0,741,1310,24600.0,12250,28200.0,2745.0,2670,17300,11400.0,3895,7550,38050,56300.0,36
270,2020-09-08,1850,42300,3015,931000,10700,11600,1392.755127,203500,35550.0,426000.0,1890,35550.0,244500.0,78700.0,932,1330,25300.0,12400,28550.0,2805.0,2660,17000,11200.0,3845,7390,37950,56000.0,47
271,2020-09-07,1965,41650,3040,934000,11000,11350,1320.638428,195500,33500.0,408500.0,1830,33500.0,235000.0,75000.0,980,1335,24600.0,12250,28450.0,2745.0,2595,17000,10800.0,3995,7420,37350,55300.0,81
272,2020-09-04,1855,41250,3090,972000,11000,11700,1356.696777,200000,33300.0,411000.0,1840,33300.0,245000.0,77000.0,950,1320,24800.0,12000,28850.0,2900.0,2490,18400,11050.0,3980,7510,38000,55700.0,56
273,2020-09-03,1855,40650,3340,936000,11350,11700,1338.667603,194500,32000.0,406500.0,1890,32000.0,237000.0,79400.0,894,1365,24200.0,11900,28150.0,2940.0,2570,19000,10850.0,4130,7590,36550,54400.0,46
274,2020-09-02,1675,41050,3240,946000,11200,12000,1343.174927,191500,31500.0,400000.0,1930,31500.0,239000.0,80100.0,923,1365,24250.0,11700,27550.0,2820.0,2600,18800,10600.0,4260,7770,37050,55600.0,65
275,2020-09-01,1640,40650,3330,962000,10850,11800,1365.711304,192500,30350.0,406000.0,1935,30350.0,240000.0,80300.0,735,1330,25000.0,11350,28000.0,2785.0,2525,20400,10850.0,4155,7860,38450,56000.0,87
276,2020-08-31,1535,41750,3490,960000,11050,11250,1347.682129,189000,30300.0,415000.0,1770,30300.0,235000.0,78700.0,705,1420,26100.0,11200,28050.0,2800.0,2530,20300,10700.0,4405,7840,38350,56000.0,103
277,2020-08-28,1505,40850,3515,931000,10650,11250,1334.160278,187500,30550.0,410000.0,1770,30550.0,235000.0,81100.0,686,1315,26200.0,10850,27700.0,2780.0,2450,21950,11150.0,4420,7850,37700,56500.0,118
278,2020-08-27,1505,42800,3530,931000,10250,11100,1347.682129,187000,31200.0,405000.0,1795,31200.0,230500.0,82800.0,673,1240,25800.0,10750,27050.0,2830.0,2440,22100,10700.0,3400,7940,37800,57000.0,162
279,2020-08-26,1500,40550,3695,931000,10550,11550,1320.638428,183500,29850.0,396500.0,1830,29850.0,231500.0,83500.0,703,1230,25750.0,11250,27100.0,2800.0,2525,20150,10550.0,3350,7920,37450,57000.0,107
280,2020-08-25,1525,41600,3300,932000,10700,11350,1284.579956,180500,30400.0,395500.0,1780,30400.0,227500.0,80700.0,705,1190,25750.0,11300,27150.0,2740.0,2465,21900,10600.0,3340,8000,37550,57100.0,156
281,2020-08-24,1460,36050,3175,931000,10500,11000,1307.116455,184500,30750.0,395000.0,1755,30750.0,228500.0,82300.0,679,1185,25550.0,10900,27450.0,2755.0,2365,21200,10550.0,3200,7900,38100,57000.0,142
282,2020-08-21,1490,35750,3160,935000,10350,10650,1347.682129,186500,29450.0,407500.0,1775,29450.0,232500.0,82800.0,671,1170,25500.0,11100,27700.0,2755.0,2385,21600,10650.0,3205,7870,38750,57500.0,127
283,2020-08-20,1475,36150,3130,930000,10450,10650,1338.667603,188000,28550.0,421000.0,1740,28550.0,232000.0,85800.0,671,1110,25900.0,10900,28050.0,2795.0,2445,21450,10700.0,3195,7570,39200,57500.0,127
284,2020-08-19,1540,35300,3390,954000,11350,11750,1361.204102,190500,30100.0,424000.0,1790,30100.0,234000.0,85800.0,690,1180,26850.0,11700,28350.0,2885.0,2535,22300,10700.0,3365,7640,39050,58100.0,134
285,2020-08-18,1480,34700,3145,940000,10900,11500,1361.204102,189000,29350.0,421500.0,1780,29350.0,232000.0,84600.0,688,1170,27050.0,11350,29050.0,2940.0,2500,22400,10600.0,3345,7640,38700,58700.0,152
286,2020-08-14,1535,35150,3575,939000,12500,12350,1401.769775,188000,32000.0,417500.0,1815,32000.0,234000.0,87700.0,706,1250,26750.0,12800,29050.0,2920.0,2860,23600,10600.0,3520,8140,38850,58700.0,71
287,2020-08-13,1555,36050,4095,933000,12850,12500,1388.247803,186500,31600.0,421000.0,1815,31600.0,229500.0,87500.0,707,1280,26500.0,13100,29000.0,2950.0,2600,24450,10850.0,3570,8300,39850,58300.0,35
288,2020-08-12,1525,36150,4100,932000,13950,12500,1356.696777,186500,33650.0,419500.0,1825,33650.0,229000.0,86100.0,719,1270,27000.0,12750,28200.0,2915.0,2540,26550,11250.0,3505,8090,39300,58300.0,23
289,2020-08-11,1540,37100,3885,931000,13350,13100,1320.638428,185500,36250.0,426500.0,1820,36250.0,226500.0,83500.0,702,1275,26850.0,11300,27300.0,2860.0,2295,28450,11000.0,3500,8030,38300,57800.0,17
290,2020-08-10,1550,37100,3895,936000,11750,13500,1334.160278,184500,32850.0,429000.0,1835,32850.0,221000.0,81800.0,718,1285,26300.0,11200,26750.0,2820.0,2240,29150,11050.0,3515,8070,38500,58000.0,7
291,2020-08-07,1525,36250,3680,906000,11100,13950,1320.638428,184000,30350.0,422500.0,1830,30350.0,218000.0,81300.0,744,1345,26300.0,11450,26800.0,2825.0,2245,29450,10900.0,3520,7810,39000,57900.0,16
292,2020-08-06,1505,36500,3530,898000,11150,14000,1334.160278,186500,29400.0,417500.0,1835,29400.0,215500.0,80600.0,760,1300,26200.0,11200,28050.0,2820.0,2240,34150,11250.0,3555,7700,39250,58500.0,10
293,2020-08-05,1510,37500,3335,834000,11250,14400,1320.638428,187500,28850.0,411000.0,1795,28850.0,215500.0,81000.0,729,1275,25700.0,11100,27250.0,2775.0,2245,30950,11150.0,3545,7950,39150,58300.0,9
294,2020-08-04,1540,37600,3380,845000,11850,13700,1338.667603,195000,28000.0,411000.0,1815,28000.0,219500.0,84300.0,702,1245,25450.0,11050,27350.0,2775.0,2240,28100,10950.0,3560,7930,38850,56000.0,6
295,2020-08-03,1540,38150,3250,873000,11300,13000,1370.218628,193500,28150.0,411000.0,1785,28150.0,218000.0,82900.0,686,1220,25300.0,11050,27200.0,2790.0,2265,29000,10950.0,3490,7480,39450,57100.0,9
296,2020-07-31,1515,36500,3225,875000,11350,13450,1370.218628,191000,28950.0,416000.0,1785,28950.0,219000.0,83500.0,712,1245,25400.0,11250,27200.0,2790.0,2245,27800,11000.0,3540,7560,39150,56900.0,2
297,2020-07-30,1530,36550,3245,885000,11200,13850,1379.233276,190500,29400.0,411500.0,1790,29400.0,233500.0,86600.0,716,1280,25350.0,11500,27250.0,2760.0,2235,28050,10850.0,3540,7600,39350,56400.0,9
298,2020-07-29,1510,36150,3260,885000,11200,13000,1419.79895,194000,29400.0,410000.0,1780,29400.0,234000.0,85500.0,724,1295,25350.0,11200,27050.0,2740.0,2260,28750,10800.0,3560,7530,39550,56400.0,3
299,2020-07-28,1520,35500,3250,870000,11000,12500,1397.262451,191000,28400.0,407000.0,1795,28400.0,230000.0,84900.0,724,1290,25500.0,11000,27100.0,2770.0,2280,29150,10750.0,3410,7540,41000,57200.0,8
300,2020-07-27,1495,34700,3290,868000,11300,12750,1410.784302,190000,28700.0,408000.0,1820,28700.0,230000.0,85300.0,738,1330,25600.0,10900,27200.0,2745.0,2240,30500,10800.0,3415,7540,41800,58000.0,7
301,2020-07-24,1495,33800,3160,899000,10450,11700,1379.233276,189000,29100.0,405000.0,1775,29100.0,231500.0,87100.0,731,1270,25150.0,11050,27200.0,2725.0,2220,30500,10950.0,3480,7470,41800,57500.0,11
302,2020-07-23,1515,33400,3165,925000,10500,12050,1437.828125,187500,34300.0,420000.0,1800,34300.0,228500.0,84600.0,750,1300,24950.0,11050,27000.0,2715.0,2290,29850,10850.0,3540,7510,41800,57900.0,20
303,2020-07-22,1560,33500,3145,906000,11100,12300,1419.79895,186500,,416500.0,1775,,226000.0,84300.0,750,1320,24750.0,11350,26800.0,2660.0,2350,29900,10900.0,3580,7660,41350,58000.0,12
304,2020-07-21,1550,32950,3120,914000,11350,12250,1464.871948,189500,,415000.0,1810,,230000.0,85500.0,763,1355,25000.0,11250,26650.0,2675.0,2345,29900,10900.0,3620,7680,41100,57700.0,17
305,2020-07-20,1525,33400,3185,916000,11350,12050,1469.379272,190500,,414500.0,1810,,232500.0,86000.0,783,1385,24750.0,10750,26300.0,2685.0,2300,30100,10850.0,3640,7650,41100,57900.0,21
306,2020-07-17,1525,35700,3235,920000,11300,12600,1469.379272,189000,,417000.0,1810,,230500.0,85200.0,796,1425,24500.0,10800,26450.0,2665.0,2360,29850,10850.0,3640,7580,41300,57800.0,6
307,2020-07-16,1515,32750,3280,912000,11350,12750,1446.842773,192000,,419500.0,1815,,231500.0,86900.0,798,1420,24300.0,10950,26500.0,2685.0,2330,31150,11200.0,3605,7440,41600,58000.0,9
308,2020-07-15,1540,32850,3210,894000,11900,12700,1482.901123,189500,,416500.0,1830,,230000.0,85700.0,795,1305,24700.0,10600,26350.0,2670.0,2290,33400,11300.0,3675,7550,41200,58200.0,7
309,2020-07-14,1555,33600,2965,882000,12100,12600,1460.364624,189000,,417500.0,1835,,229000.0,85900.0,769,1325,25000.0,10100,26850.0,2710.0,2275,33550,11850.0,3560,7600,41950,59000.0,6
310,2020-07-13,1550,33600,2915,857000,12100,13050,1424.306274,184500,,413000.0,1795,,225500.0,83800.0,782,1220,24550.0,10200,26400.0,2680.0,2280,33050,11550.0,3580,7670,41150,58700.0,7
311,2020-07-10,1530,34100,2760,850000,12250,13600,1478.393799,187500,,410500.0,1800,,226000.0,83400.0,761,1155,24500.0,10100,26350.0,2670.0,2290,33750,11750.0,3500,7440,41300,60800.0,8
312,2020-07-09,1500,35000,2380,849000,12350,13450,1451.349976,193000,,410500.0,1785,,221000.0,81300.0,707,1160,24500.0,10200,26200.0,2660.0,2365,32950,12400.0,3520,7600,42350,62500.0,8
313,2020-07-08,1505,33450,2465,861000,12450,13500,1469.379272,193500,,409500.0,1810,,221500.0,82700.0,716,1200,25000.0,10350,26800.0,2710.0,2365,36150,12800.0,3435,7460,42600,63100.0,7
314,2020-07-07,1505,32500,2440,858000,12600,13700,1451.349976,188000,,409000.0,1800,,220000.0,81900.0,720,1235,25000.0,10300,26500.0,2695.0,2365,36800,12750.0,3480,7430,43600,62000.0,11
315,2020-07-06,1540,32000,2275,835000,12900,13800,1401.769775,186500,,406000.0,1815,,221500.0,81400.0,700,1265,24900.0,10300,26650.0,2660.0,2410,39300,12600.0,3415,7260,42600,62400.0,3
316,2020-07-03,1520,31550,1980,837000,11950,14300,1388.247803,184500,,400000.0,1830,,217500.0,79300.0,685,1275,24950.0,10500,26350.0,2665.0,2410,39950,12600.0,3350,7360,41800,62000.0,7
317,2020-07-02,1485,31200,1995,830000,11900,13800,1194.434082,183000,,395500.0,1800,,212000.0,77000.0,661,1275,25300.0,10450,26900.0,2760.0,2340,39200,12450.0,3285,6860,42650,62200.0,11
318,2020-07-01,1465,29250,1910,820000,11800,13000,1189.926758,181500,,407500.0,1800,,218000.0,80100.0,627,1270,25150.0,10350,26400.0,2735.0,2170,36950,12550.0,3255,6820,41450,62100.0,13
319,2020-06-30,1540,29300,1880,818000,11900,13250,1180.912109,181000,,407000.0,1830,,223500.0,80900.0,668,1265,25050.0,10500,26350.0,2710.0,2155,35650,12550.0,3200,6750,41700,62000.0,9
320,2020-06-29,1455,29350,1875,806000,11500,12800,1198.941284,180000,,407500.0,1815,,223500.0,80200.0,606,1235,25300.0,9960,27600.0,2750.0,2120,39900,13100.0,3275,6530,43300,62600.0,8
321,2020-06-26,1445,30000,1960,830000,12250,13050,1189.926758,183000,,427000.0,1835,,224000.0,80700.0,626,1270,25550.0,10300,27900.0,2765.0,2185,42600,12800.0,3355,6800,43500,63900.0,17
322,2020-06-25,1420,29800,1995,878000,11650,13050,1189.926758,184500,,435000.0,1850,,229500.0,83000.0,627,1275,26000.0,10150,29750.0,2920.0,2170,44200,12600.0,3330,6840,46450,63900.0,17
323,2020-06-24,1390,29250,1970,850000,11900,13450,1176.404785,180000,,454000.0,1855,,226500.0,81400.0,639,1290,26050.0,10500,30000.0,2940.0,2265,44400,12850.0,3495,7330,46900,63900.0,8
324,2020-06-23,1405,29000,1970,847000,11950,13150,1158.37561,178000,,454500.0,1840,,227500.0,83100.0,647,1270,25500.0,10400,29400.0,2905.0,2280,47600,12400.0,3470,6610,45100,63700.0,11
325,2020-06-22,1335,26250,1960,841000,11850,12400,1140.346436,175500,,462000.0,1895,,229500.0,81800.0,645,1300,25600.0,10850,29500.0,3105.0,2365,44450,13450.0,3485,6240,44000,63300.0,4
326,2020-06-19,1330,26050,1950,831000,11900,12350,1153.868286,180500,,454000.0,1840,,229000.0,82600.0,681,1320,25950.0,11050,29300.0,3085.0,2365,43700,13350.0,3525,6210,44400,62200.0,17
327,2020-06-18,1330,26550,1955,815000,11600,12500,1149.361084,179500,,457500.0,1795,,227000.0,81600.0,675,1300,26250.0,11150,30500.0,3160.0,2390,42850,12800.0,3510,5960,44900,61400.0,18
328,2020-06-17,1320,26700,1895,823000,11600,11450,1135.839111,180500,,458500.0,1805,,231000.0,83000.0,685,1310,26300.0,11550,30000.0,2920.0,2425,42850,12800.0,3535,5990,45500,63000.0,24
329,2020-06-16,1340,26550,1890,822000,11850,11100,1135.839111,181000,,444500.0,1795,,224500.0,80300.0,693,1355,26000.0,11800,29800.0,2940.0,2475,46050,12800.0,3620,6020,44500,62200.0,12
330,2020-06-15,1285,25850,1785,853000,11100,10450,1117.809937,180000,,440000.0,1750,,227500.0,82700.0,634,1255,25650.0,11550,29550.0,2895.0,2400,46100,12350.0,3500,5900,44450,62200.0,12
331,2020-06-12,1405,26400,1975,846000,12000,12000,1090.766113,179500,,451500.0,1820,,228000.0,82300.0,703,1310,25550.0,12250,29650.0,2815.0,2660,47750,12250.0,3960,6600,45100,62400.0,30
332,2020-06-11,1470,27000,2055,859000,12400,11900,1104.288086,182000,,474000.0,1890,,227500.0,81800.0,736,1405,27250.0,12600,31250.0,2980.0,2675,49350,12250.0,4240,6920,45750,62900.0,25
333,2020-06-10,1500,26650,2055,856000,12300,12600,1099.780762,179500,,477500.0,1900,,223500.0,81300.0,747,1440,27850.0,13000,31500.0,3010.0,2735,49400,12250.0,4240,6990,46100,62500.0,19
334,2020-06-09,1505,26150,2070,851000,13050,12600,1095.273438,181500,,478500.0,1875,,220500.0,80800.0,755,1440,28300.0,13250,31850.0,3225.0,2840,50600,12400.0,4360,7100,46400,62600.0,13
335,2020-06-08,1505,25700,2055,852000,12900,12900,1135.839111,181500,,472500.0,1910,,232000.0,84700.0,760,1485,27900.0,13300,31750.0,3190.0,2835,49650,12500.0,4395,7110,46400,62600.0,18
336,2020-06-05,1535,26250,2065,868000,13800,12850,1144.85376,181500,,488500.0,1860,,235000.0,85600.0,754,1495,28750.0,13300,31950.0,3235.0,2870,47900,12300.0,4400,7030,47450,62900.0,28
337,2020-06-04,1535,26600,2100,872000,14050,12750,1144.85376,187500,,485500.0,1895,,237000.0,85700.0,752,1460,28750.0,12950,31700.0,3310.0,2840,47650,12400.0,4390,7140,47200,62700.0,14
338,2020-06-03,1555,26600,2095,854000,13850,12300,1122.317261,185500,,477500.0,1890,,238000.0,86300.0,747,1505,29400.0,12900,33650.0,4015.0,2935,47250,12450.0,4455,7330,46900,64300.0,15
339,2020-06-02,1555,28500,2125,851000,14250,12100,1131.331909,185500,,473500.0,1915,,238500.0,87000.0,734,1520,29100.0,12700,33500.0,4210.0,3050,47350,12300.0,4505,7200,46850,64400.0,20
340,2020-06-01,1560,26800,2115,843000,14600,12000,1131.331909,186000,,474000.0,1935,,241500.0,89000.0,724,1525,28550.0,12550,33150.0,4225.0,3025,45400,12300.0,4495,7120,46450,64900.0,13
341,2020-05-29,1545,25550,2185,843000,14100,12000,1158.37561,188500,,471500.0,1900,,241500.0,90000.0,713,1495,28550.0,12250,32300.0,4035.0,2900,42350,12350.0,4450,7070,46500,64400.0,9
342,2020-05-28,1545,26550,1905,843000,14800,12100,1149.361084,187500,,473000.0,1895,,243500.0,91500.0,735,1520,28400.0,12850,32700.0,4055.0,2435,45050,12600.0,4565,6960,46300,65300.0,19
343,2020-05-27,1605,27000,1950,858000,15800,12150,1149.361084,186000,,464000.0,1875,,239500.0,90300.0,763,1525,28450.0,13250,34000.0,4835.0,2410,43750,12300.0,4715,7080,45600,64000.0,24
344,2020-05-26,1575,27850,1925,849000,16050,12350,1149.361084,188000,,465000.0,1865,,236000.0,89200.0,776,1515,28350.0,12950,33900.0,4860.0,2375,43900,12300.0,4410,7180,45200,62300.0,20
345,2020-05-25,1555,27850,1935,841000,16300,12400,1162.882935,187500,,455000.0,1855,,238500.0,89800.0,777,1510,28200.0,12450,34500.0,4975.0,2345,44850,12300.0,4375,7060,45150,66300.0,8
346,2020-05-22,1560,27000,1875,858000,14650,12300,1149.361084,187500,,457500.0,1880,,238000.0,88500.0,750,1530,28150.0,12350,34150.0,4930.0,2370,46250,12400.0,4405,7080,44750,64600.0,3
347,2020-05-21,1560,27250,1895,853000,14300,12500,1149.361084,189500,,450500.0,1890,,237000.0,88400.0,1035,1550,28000.0,12700,33650.0,4485.0,2410,44550,12400.0,4480,7080,45450,64800.0,3
348,2020-05-20,1560,26350,1880,848000,13700,12550,1198.941284,191000,,452000.0,1855,,239500.0,89100.0,984,1525,28200.0,12650,33700.0,4535.0,2405,45050,12450.0,4225,6890,45600,64700.0,4
349,2020-05-19,1525,26450,1880,824000,26000,12400,1315.0,187500,,453000.0,1850,,236500.0,87600.0,909,1520,28150.0,12950,33650.0,4590.0,2400,44650,12450.0,4225,6840,45150,64600.0,9
350,2020-05-18,1495,26550,1845,818000,25650,12400,1325.0,186000,,450000.0,1865,,235000.0,88500.0,906,1475,27700.0,11950,33150.0,4575.0,2315,44400,12400.0,4160,6730,44700,64200.0,7
351,2020-05-15,1495,27050,1835,820000,26900,12350,1305.0,184500,,441500.0,1830,,233000.0,87400.0,814,1530,27400.0,11050,32000.0,4340.0,2345,43400,12150.0,4290,6800,43750,63100.0,6
352,2020-05-14,1495,28500,1820,812000,27750,12900,1310.0,183500,,453500.0,1915,,241000.0,89800.0,817,1510,27600.0,11550,31950.0,4310.0,2355,43300,12250.0,4240,6950,44250,63700.0,12
353,2020-05-13,1505,28300,1835,825000,24800,13250,1113.52417,185000,,449500.0,1845,,242500.0,90200.0,782,1550,27150.0,12050,31850.0,4055.0,2390,42700,12150.0,4210,7200,43750,63700.0,5
354,2020-05-12,1540,28300,1845,830000,22300,13300,1096.523804,187000,,448000.0,1860,,242500.0,90600.0,768,1570,27100.0,12400,31650.0,4060.0,2405,41600,12200.0,4255,7210,44000,64200.0,8
355,2020-05-11,1575,27450,1875,826000,20750,13250,1100.773926,186000,,452500.0,1915,,243000.0,90700.0,792,1545,27300.0,12750,31950.0,4065.0,2515,43050,12450.0,4400,7200,45100,64200.0,11
356,2020-05-08,1585,26700,1885,823000,20000,12800,1113.52417,186000,,459500.0,1905,,241000.0,89500.0,808,1620,27150.0,13150,31450.0,4065.0,2555,44300,12700.0,4440,7300,45750,65100.0,13
357,2020-05-07,1580,26300,1875,822000,20450,12750,1126.274536,185500,,459000.0,1880,,239500.0,89500.0,813,1620,27050.0,12750,31500.0,4095.0,2430,43600,12550.0,4415,7320,45000,64600.0,0
358,2020-05-06,1590,27250,1870,820000,19850,11400,1126.274536,185000,,461000.0,1885,,239500.0,89600.0,829,1605,26900.0,12850,31500.0,4035.0,2435,43900,12600.0,4410,7330,44950,65100.0,0
359,2020-05-04,1560,23200,1855,834000,16850,10800,1126.274536,186000,,454000.0,1825,,242000.0,90500.0,821,1580,26850.0,12600,31250.0,4040.0,2440,44200,12500.0,4410,7190,44350,65200.0,0
360,2020-04-29,1525,23000,1845,818000,17500,10750,1143.274902,186000,,449500.0,1890,,239000.0,90000.0,800,1585,26850.0,13050,31350.0,4035.0,2500,44800,12450.0,4490,7300,44300,65400.0,0
361,2020-04-28,1520,22150,1885,826000,17300,10500,1164.525269,186500,,448000.0,1915,,236000.0,88900.0,792,1595,27050.0,13300,31850.0,4060.0,2500,48100,12800.0,4470,6650,44600,65300.0,0
362,2020-04-27,1500,22650,2025,839000,17700,10750,1168.775391,189000,,449000.0,1950,,236000.0,88700.0,797,1595,27300.0,12350,32250.0,4170.0,2395,47150,12800.0,4515,6700,44450,64800.0,4
363,2020-04-24,1475,22750,1675,834000,16700,10700,1305.0,187500,,452500.0,1900,,232000.0,87800.0,774,1535,26550.0,12400,31500.0,4025.0,2355,47200,12600.0,4480,6450,44100,64400.0,1
364,2020-04-23,1495,23300,1750,834000,16700,10650,1250.0,184000,,446000.0,1995,,229500.0,86900.0,832,1595,25850.0,12650,31000.0,3975.0,2420,45650,12350.0,4320,6790,43900,63900.0,0
365,2020-04-22,1500,22300,1670,800000,15950,10450,1235.0,182000,,442500.0,1990,,226000.0,86000.0,794,1475,25450.0,12300,30300.0,3825.0,2380,44650,12350.0,4305,6460,42850,63200.0,0
366,2020-04-21,1470,21850,1690,772000,15950,10550,1255.0,184000,,443000.0,1970,,230000.0,87700.0,807,1485,25800.0,12350,30500.0,3910.0,2350,43800,12300.0,4300,6140,43050,64000.0,2
367,2020-04-20,1535,21700,1725,777000,16400,11050,1230.0,187000,,444500.0,2070,,230000.0,87900.0,826,1550,26150.0,12600,30950.0,3985.0,2460,43500,12450.0,4420,6120,43600,64900.0,0
368,2020-04-17,1515,22250,1675,778000,16000,10700,1290.0,186500,,452000.0,2090,,230000.0,87600.0,803,1460,25650.0,12250,30550.0,3915.0,2445,42900,12350.0,4250,6030,43300,64500.0,2
369,2020-04-16,1420,22650,1630,804000,15550,10300,1270.0,186500,,461000.0,2095,,231500.0,88200.0,800,1435,26000.0,11650,30800.0,3930.0,2370,43100,12400.0,4175,5180,44550,64800.0,2
370,2020-04-14,1355,22500,1690,839000,14900,10450,1260.0,185500,,465000.0,2050,,230000.0,87100.0,804,1420,25900.0,11950,30900.0,3935.0,2385,43950,12350.0,4155,5200,44350,64300.0,5
371,2020-04-13,1335,20300,1615,827000,14850,10450,1250.0,183500,,472500.0,2035,,227500.0,85800.0,780,1375,25600.0,11950,30350.0,3825.0,2375,43900,12350.0,4025,5090,44200,64300.0,3
372,2020-04-10,1385,20300,1630,819000,15250,9960,1240.0,182500,,468000.0,2045,,227000.0,87100.0,826,1500,25500.0,12150,30000.0,3790.0,2495,42350,12300.0,3970,5370,43850,64000.0,3
373,2020-04-09,1400,20200,1645,809000,15700,9970,1250.0,181500,,463000.0,2115,,228000.0,87100.0,851,1275,25500.0,11650,30150.0,3780.0,2355,41800,12250.0,4050,5450,43500,64000.0,5
374,2020-04-08,1375,20550,1590,794000,15100,9850,1275.0,185000,,469500.0,2160,,228500.0,87400.0,835,1275,26100.0,11450,30400.0,3850.0,2300,41900,12250.0,4015,5420,44100,64100.0,11
375,2020-04-07,1360,21200,1615,812000,15200,9780,1475.0,185000,,470000.0,2085,,225500.0,86400.0,738,1265,26100.0,11100,30300.0,3860.0,2255,41900,12300.0,4095,5400,44550,64300.0,10
376,2020-04-06,1305,21300,1580,823000,15000,9660,1395.0,184500,,471000.0,2135,,224500.0,85900.0,722,1240,25700.0,10100,29950.0,3780.0,2075,40600,12150.0,3865,5260,43950,64800.0,8
377,2020-04-03,1240,21150,1505,806000,14950,9670,1325.0,185000,,470500.0,2075,,225000.0,86400.0,710,1190,26000.0,9660,30400.0,3865.0,2030,41450,12250.0,3750,5280,43900,64900.0,20
378,2020-04-02,1160,20450,1445,809000,14950,10100,1310.0,182500,,464000.0,2035,,222500.0,86100.0,640,1205,25950.0,9800,30150.0,3835.0,2025,41900,12150.0,3750,5310,43900,64800.0,20
379,2020-04-01,1115,19100,1445,841000,14200,9870,1320.0,185000,,479000.0,1995,,222000.0,86300.0,600,1200,26150.0,9810,30150.0,3850.0,2045,40800,12000.0,3630,5190,44250,64900.0,16
380,2020-03-31,1120,19600,1455,824000,10950,9600,1325.0,182500,,468000.0,1800,,218000.0,83600.0,599,1155,25900.0,9870,29900.0,3810.0,2130,40000,11800.0,3750,5430,44250,64300.0,24
381,2020-03-30,1060,17700,1425,824000,11100,8910,1270.0,185500,,478500.0,1580,,220000.0,84700.0,596,1095,26150.0,9680,29600.0,3760.0,2110,38650,11800.0,3840,5560,44150,64300.0,19
382,2020-03-27,1060,17050,1300,810000,10000,7330,1265.0,185000,,482000.0,1560,,223500.0,85800.0,594,1070,26250.0,9500,29700.0,3795.0,1910,37600,11600.0,3565,5390,44100,63900.0,15
383,2020-03-26,1010,16950,1315,812000,9720,6900,1265.0,188500,,492500.0,1485,,225000.0,87000.0,587,1075,26950.0,9750,31200.0,4100.0,1920,39500,11800.0,3025,5170,44900,64000.0,14
384,2020-03-25,1020,17750,1280,817000,8680,6450,1300.0,187500,,487000.0,1395,,223000.0,85700.0,547,975,26950.0,8950,30650.0,4070.0,1750,39500,11700.0,2900,4980,44550,64200.0,13
385,2020-03-24,903,18050,1195,823000,8670,5950,1335.0,187000,,492000.0,1385,,222500.0,85600.0,487,918,27200.0,8330,30600.0,4100.0,1540,39950,11650.0,2710,4600,44650,64300.0,13
386,2020-03-23,870,15600,1135,822000,7600,5150,1275.0,187000,,489500.0,1330,,221000.0,86200.0,457,879,27100.0,7690,30200.0,4050.0,1485,39650,11600.0,2540,4480,45000,64100.0,6
387,2020-03-20,947,16350,1220,815000,8000,5360,1220.0,182500,,462500.0,1350,,219000.0,84200.0,481,918,26800.0,8430,30000.0,3945.0,1590,38800,11500.0,2525,4680,46000,64100.0,17
388,2020-03-19,899,14800,1075,790000,7920,4650,1180.0,180000,,451500.0,1230,,218500.0,83100.0,441,822,27650.0,7860,30100.0,3970.0,1500,40150,11150.0,2100,4420,46650,64400.0,17
389,2020-03-18,1060,16950,1280,806000,9740,5970,1155.0,179000,,449000.0,1485,,219000.0,86600.0,549,1005,27300.0,9800,29900.0,3840.0,1855,40650,11250.0,2700,4670,47200,64700.0,11
390,2020-03-17,1120,18000,1390,786000,10200,6350,1140.0,175500,,445500.0,1500,,217000.0,85200.0,590,1065,26750.0,10350,29800.0,3710.0,1995,39150,11150.0,2955,4670,47000,64900.0,6
391,2020-03-16,1175,17400,1380,771000,10200,6280,1085.0,174500,,442000.0,1565,,213000.0,83200.0,633,1140,26050.0,10400,28700.0,3480.0,2100,38550,10900.0,2900,4500,46350,63700.0,11
392,2020-03-13,1295,19100,1470,788000,11200,7060,1090.0,174500,,447500.0,1680,,212500.0,83200.0,752,1165,26400.0,11250,29200.0,3585.0,2135,40850,10900.0,2920,4605,46550,64000.0,9
393,2020-03-12,1435,19900,1680,853000,11100,8140,1060.0,169500,,434000.0,1840,,206500.0,80400.0,579,1430,25350.0,12500,28400.0,3400.0,2350,38000,10600.0,3380,5430,45000,63000.0,12
394,2020-03-11,1500,20350,1810,826000,12300,9700,1005.0,166000,,426000.0,1935,,201500.0,79400.0,605,1620,25300.0,13450,27600.0,3330.0,2660,38200,10200.0,3845,6350,44750,62000.0,17
395,2020-03-10,1560,21200,1890,824000,12700,10250,1025.0,169000,,429500.0,1960,,204000.0,80000.0,626,1650,26150.0,13850,28700.0,3400.0,2725,37350,10750.0,3990,6740,46050,62300.0,46
396,2020-03-09,1515,21500,1940,847000,12300,10250,1065.0,171500,,443000.0,2000,,209500.0,81200.0,616,1765,26950.0,13400,29800.0,3640.0,2775,39300,11000.0,4050,6830,47300,63400.0,26
397,2020-03-06,1680,21900,2025,837000,13400,10750,1055.0,172000,,441500.0,2020,,209500.0,81600.0,656,1650,27300.0,14200,30300.0,3670.0,2980,39650,11050.0,4315,7240,47550,63700.0,7
398,2020-03-05,1730,22300,2080,709000,13950,11100,1070.0,169000,,437000.0,2015,,210000.0,82000.0,670,1735,27350.0,14950,30350.0,3740.0,3050,40650,11100.0,4490,7300,47800,63400.0,1
399,2020-03-04,1690,23200,2065,659000,13700,10800,1085.0,170500,,439000.0,2015,,208500.0,82100.0,670,1485,27250.0,14500,30250.0,3760.0,2875,40950,11000.0,4585,7170,48950,63500.0,7
400,2020-03-03,1690,23100,2020,649000,13600,10800,1080.0,169500,,448000.0,2005,,210000.0,82600.0,650,1420,27700.0,13650,31100.0,3805.0,2850,41000,11100.0,4600,6800,49650,63400.0,0
401,2020-03-02,1670,23200,2030,660000,13750,10650,1065.0,172500,,453500.0,1985,,212500.0,85100.0,660,1345,27700.0,13550,31300.0,3770.0,2835,42000,11100.0,4200,6630,49450,63000.0,6
402,2020-02-28,1655,22500,2020,637000,13300,10500,1105.0,172500,,446500.0,1965,,215000.0,85800.0,636,1375,27950.0,14150,31100.0,3835.0,2790,42000,11150.0,4130,6680,49500,63100.0,12
403,2020-02-27,1815,23900,2175,633000,13400,11450,1085.0,170000,,443500.0,2040,,211500.0,83800.0,665,1475,28300.0,14450,30800.0,3845.0,2970,40300,11150.0,4435,7300,50300,63400.0,9
404,2020-02-26,1815,24800,2260,622000,13900,11350,1030.0,171500,,444500.0,2095,,214500.0,85900.0,683,1530,28350.0,14950,31200.0,3865.0,3065,39300,11250.0,4800,7430,49100,63700.0,10
405,2020-02-25,1820,25000,2275,633000,14150,11700,1015.0,172500,,442000.0,2085,,215000.0,86200.0,705,1510,28150.0,14700,31200.0,3820.0,3110,38650,11350.0,5050,7710,49200,63100.0,16
406,2020-02-24,1800,23550,2235,616000,13500,11750,1035.0,171500,,442500.0,2000,,212500.0,86000.0,656,1580,28350.0,14500,30850.0,3835.0,3080,38450,11350.0,5720,7700,49200,63100.0,4
407,2020-02-21,1910,24600,2380,612000,14250,12100,1015.0,170000,,438000.0,2080,,213000.0,87400.0,719,1620,28450.0,14800,30700.0,3875.0,3275,38600,11300.0,5880,8240,49450,63000.0,2
408,2020-02-20,1955,23850,2420,611000,14500,12000,996.0,167000,,437500.0,2085,,208500.0,86000.0,790,1645,27650.0,15250,30200.0,3800.0,3310,38000,11100.0,5550,8560,48550,62500.0,5
409,2020-02-19,1970,23550,2405,607000,15000,12250,985.0,168000,,432500.0,2080,,206500.0,82500.0,925,1670,28050.0,15700,31300.0,3835.0,3390,38250,11400.0,5800,8790,49100,62400.0,2
410,2020-02-18,2010,23400,2415,591000,15450,12300,977.0,167500,,435000.0,2070,,205000.0,82600.0,250,1655,27900.0,16100,31200.0,3800.0,3440,38250,11400.0,5900,8800,48850,62300.0,0
411,2020-02-17,2060,24600,2400,599000,15850,12400,986.0,168000,,441000.0,2080,,209000.0,83400.0,250,1660,28100.0,16450,32450.0,4010.0,3480,38350,11650.0,5800,9000,49150,62400.0,0
412,2020-02-14,2075,23950,2295,596000,16200,12250,1000.0,169500,,435000.0,2040,,209500.0,83300.0,250,1695,28200.0,16100,32550.0,4050.0,3535,38400,11750.0,5290,9130,48900,62500.0,0
413,2020-02-13,2130,23100,2280,589000,16350,12350,982.0,167000,,429500.0,2045,,208000.0,84500.0,250,1690,28200.0,16350,32100.0,4000.0,3590,37950,11700.0,5120,9240,48900,62200.0,0
414,2020-02-12,2010,23050,2315,587000,16650,12350,978.0,168000,,431000.0,2065,,209000.0,84100.0,250,1715,28350.0,16350,32950.0,4170.0,3585,38550,11900.0,4950,9250,49400,63100.0,0
415,2020-02-11,1870,22500,2315,584000,16950,12350,961.0,165500,,432500.0,2075,,208500.0,84200.0,250,1690,28400.0,16200,34200.0,4295.0,3430,37850,11900.0,3810,9140,48750,62700.0,0
416,2020-02-10,1860,23350,2300,596000,16950,12450,962.0,164000,,430000.0,2065,,207000.0,82600.0,250,1740,28150.0,15800,34250.0,4185.0,3475,38050,11550.0,3810,9120,48500,62900.0,0
417,2020-02-07,1865,23100,2285,583000,16700,12500,966.0,164500,,429000.0,2100,,204000.0,82100.0,250,1740,28000.0,15700,34250.0,4155.0,3460,38400,11600.0,3875,8900,48500,62900.0,0
418,2020-02-06,1900,22500,2440,571000,17100,12700,952.0,160500,,416500.0,2115,,201500.0,80100.0,250,1735,28400.0,16100,33700.0,4130.0,3445,38150,11300.0,3920,8840,47850,62800.0,2
419,2020-02-05,1845,22800,2410,574000,17000,12350,945.0,160500,,410500.0,2110,,201500.0,81400.0,250,1680,28750.0,15800,33500.0,4195.0,3435,36800,11350.0,3850,8780,47200,62400.0,2
420,2020-02-04,1845,23600,2225,603000,17100,12200,953.0,160500,,409500.0,2070,,200000.0,81200.0,250,1670,28650.0,15750,33700.0,4130.0,3375,33700,11450.0,3815,8870,47900,63000.0,0
421,2020-02-03,1800,22850,2150,595000,15900,12200,926.0,158000,,401000.0,2100,,193500.0,78300.0,250,1665,28400.0,15300,33650.0,4120.0,3235,31800,11300.0,3760,8840,46800,62800.0,0
422,2020-01-31,1855,22750,2165,563000,15500,11750,885.0,156500,,397500.0,2020,,193500.0,77800.0,242,1725,29400.0,14750,33500.0,4250.0,3300,30300,11100.0,3730,9060,46500,62000.0,3
423,2020-01-30,1900,24550,2205,560000,16300,12400,872.0,157500,,391000.0,1895,,194000.0,74700.0,254,1830,28050.0,14850,31500.0,4075.0,3420,29050,10850.0,3900,9430,45950,62300.0,3
424,2020-01-29,1920,23200,2250,571000,17200,12500,903.0,158500,,397000.0,1900,,201000.0,79800.0,264,1870,28350.0,15200,31850.0,4095.0,3530,31500,10950.0,4130,9440,46750,62900.0,0
425,2020-01-28,1915,22300,2225,578000,17200,12550,913.0,160500,,399000.0,1900,,205000.0,81900.0,266,1860,28300.0,14700,31300.0,4015.0,3500,29050,10750.0,4135,9450,46100,63500.0,0
426,2020-01-23,1970,23700,2320,558000,18400,13300,896.0,150000,,392000.0,1940,,204500.0,82200.0,274,1955,28400.0,16200,31350.0,4000.0,3720,28950,10800.0,4510,9500,46150,62800.0,0
427,2020-01-22,1985,21350,2350,576000,17850,13450,918.0,153000,,398500.0,1940,,211000.0,84200.0,266,1940,28650.0,16650,31150.0,4030.0,3750,29300,10800.0,4555,9620,46650,62600.0,0
428,2020-01-21,1960,21200,2305,582000,17550,13550,932.0,156000,,403000.0,1955,,209000.0,84100.0,265,1920,28750.0,16600,30800.0,3935.0,3755,29900,11100.0,4560,9630,47100,63200.0,0
429,2020-01-20,1990,20300,2330,607000,17950,13850,944.0,157500,,400000.0,1960,,208500.0,83800.0,264,1950,29350.0,17550,31150.0,3990.0,3805,30000,11250.0,4665,9950,47450,63300.0,0
